doi,title,year,journal
10.1002/mnfr.202200713,,,
10.1016/j.carbpol.2020.116469,,,
10.3390/molecules27144385,,,
10.1016/j.ijbiomac.2023.127679,,,
10.3892/mmr.2016.5693,,,
10.1016/j.carbpol.2020.117197,,,
10.1016/j.ijbiomac.2019.06.090,,,
10.1016/j.carbpol.2020.117380,,,
10.1016/j.carbpol.2018.09.068,,,
10.1016/j.ijbiomac.2019.09.115,,,
10.1016/j.ijbiomac.2023.124109,,,
10.1039/C8FO00206A,,,
10.3390/molecules27134192,,,
10.1016/j.ijbiomac.2019.04.082,,,
10.1016/j.ijbiomac.2020.12.010,,,
10.1016/j.ijbiomac.2019.07.019,,,
10.1016/j.carbpol.2020.116551,,,
10.1016/j.ijbiomac.2017.12.081,,,
10.1016/j.ijbiomac.2017.02.096,,,
10.1186/s13020-022-00669-6,,,
10.1155/2018/6285134,,,
10.1080/14786419.2021.2007095,,,
10.1016/j.ijbiomac.2021.08.053,,,
10.1016/j.ijbiomac.2020.09.243,,,
10.1016/j.ijbiomac.2020.06.275,,,
10.1002/cbdv.202300866,,,
10.1080/14786419.2020.1788558,,,
10.1016/j.ijbiomac.2019.12.166,,,
10.1016/j.ijbiomac.2021.03.051,,,
10.1016/j.ijbiomac.2020.11.040,,,
10.1016/j.ijbiomac.2019.01.179,,,
10.1016/j.ijbiomac.2018.09.213,,,
10.1016/j.ijbiomac.2020.06.003,,,
10.1016/j.ijbiomac.2019.06.179,,,
10.1002/jsfa.12239,,,
10.1016/j.ijbiomac.2018.12.015,,,
10.1016/j.ijbiomac.2018.10.201,,,
10.1016/j.ijbiomac.2020.10.207,,,
10.1016/j.ijbiomac.2020.04.162,,,
10.1016/j.ijbiomac.2021.08.176,,,
10.1016/j.ijbiomac.2021.10.051,,,
10.1016/j.ijbiomac.2018.11.156,,,
10.1016/j.ijbiomac.2021.05.138,,,
10.1016/j.ijbiomac.2019.05.056,,,
10.1021/acs.jafc.5b05610,,,
10.1016/j.carbpol.2018.02.077,,,
10.1016/j.ijbiomac.2018.02.064,,,
10.1016/j.ijbiomac.2017.11.058,,,
10.1016/j.carbpol.2012.11.074,,,
10.1016/j.ijbiomac.2016.12.077,,,
10.1016/j.ijbiomac.2017.09.100,,,
10.1016/j.carres.2014.10.022,,,
10.1016/j.carres.2013.09.002,,,
10.1016/j.ijbiomac.2015.04.077,,,
10.1016/j.carbpol.2012.03.020,,,
10.1016/j.ijbiomac.2017.03.026,,,
10.1016/j.ijbiomac.2018.04.132,,,
10.1016/j.carbpol.2016.08.024,,,
10.1016/j.fochx.2023.100712,,,
10.3390/polym11121972,,,
10.3390/foods11091245,,,
10.3389/fnut.2023.1156798,,,
10.3390/jof7090683,,,
10.3390/foods9101511,,,
10.3389/fnut.2022.1001334,,,
10.1016/j.ijbiomac.2023.126410,,,
10.3390/gels8010005,,,
10.3389/fphar.2022.883653,,,
10.3389/fphar.2023.1190233,,,
10.1016/j.carbpol.2011.08.045,,,
10.1016/j.ijbiomac.2018.09.138,,,
10.1080/14786419.2018.1452017,,,
10.1016/j.carres.2011.10.020,,,
10.1016/j.carbpol.2015.03.066,,,
10.1080/10286020.2014.898633,,,
10.1016/j.ijbiomac.2017.02.003,,,
10.1080/14786419.2015.1034711,,,
10.1016/j.foodchem.2018.09.037,,,
10.1080/14786419.2017.1350670,,,
10.1016/j.ijbiomac.2017.07.060,,,
10.1016/j.carbpol.2018.08.027,,,
10.1016/j.carbpol.2015.06.093,,,
10.1016/j.carbpol.2015.10.102,,,
10.1016/j.carbpol.2016.12.031,,,
10.3892/mmr.2014.2786,,,
10.1016/j.carbpol.2014.06.035,,,
10.1016/j.carbpol.2021.118253,,,
10.1016/j.ijbiomac.2022.02.073,,,
10.1016/j.ijbiomac.2019.12.115,,,
10.1016/j.jchromb.2020.122255,,,
10.1111/1750-3841.14449,,,
10.1016/j.ijbiomac.2023.124386,,,
10.1016/j.carbpol.2022.119674,,,
10.3390/ijms231810392,,,
10.1016/j.carbpol.2021.118081,,,
10.1016/j.ijbiomac.2022.09.137,,,
10.1111/jfbc.14323,,,
10.1007/s10719-022-10086-4,,,
10.1016/j.ijbiomac.2023.124114,,,
10.1016/j.carbpol.2021.117979,,,
10.1016/j.ijbiomac.2022.05.016,,,
10.1016/j.ijbiomac.2019.11.039,,,
10.1016/j.ijbiomac.2021.11.172,,,
10.1039/d1fo01683k,,,
10.1016/j.foodchem.2021.130310,,,
10.1039/d1fo00741f,,,
10.1016/j.ijbiomac.2019.02.043,,,
10.1038/s41598-022-21697-0,,,
10.1016/j.ijbiomac.2021.08.159,,,
10.1002/cbdv.202200084,,,
10.1016/j.ijbiomac.2018.12.216,,,
10.1016/j.carbpol.2020.116567,,,
10.1016/j.ijbiomac.2021.03.176,,,
10.1016/j.ijbiomac.2022.02.089,,,
10.1016/j.ijbiomac.2021.01.009,,,
10.1016/j.ijbiomac.2019.10.228,,,
10.1016/j.ijbiomac.2019.11.040,,,
10.1016/j.ijbiomac.2019.02.146,,,
10.1016/j.ijbiomac.2019.06.076,,,
10.1016/j.carbpol.2021.118080,,,
10.1021/acs.jafc.2c05593,,,
10.1039/d0fo01234c,,,
10.1016/j.ijbiomac.2019.10.081,,,
10.3390/molecules26237116,,,
10.1016/j.foodchem.2021.129908,,,
10.1128/iai.25.1.357-365.1979,,,
10.1111/j.1432-1033.1982.tb19787.x,,,
10.1042/bj1350019,,,
10.1099/00221287-94-1-180,,,
10.1042/bj1390535,,,
10.1016/0008-6215(92)84109-6,,,
10.1111/j.1348-0421.1983.tb00631.x,,,
/,,,
10.1111/j.1348-0421.1985.tb02962.x,,,
10.1016/j.fitote.2009.08.011,,,
10.1016/j.carres.2010.03.005,,,
10.1016/j.ijbiomac.2010.10.015,,,
10.1016/j.biochi.2005.03.004,,,
10.1093/abbs/gmr024,,,
10.1016/j.carres.2009.01.021,,,
10.1016/j.ijbiomac.2017.11.111,,,
10.1016/j.carbpol.2015.12.019,,,
10.1021/acs.jafc.6b05218,,,
10.1039/c6fo00172f,,,
10.1007/s10126-015-9611-6,,,
10.3390/ijms160715560,,,
10.1016/j.carbpol.2016.08.059,,,
10.1016/j.carbpol.2022.120452,,,
10.1016/j.ijbiomac.2018.12.214,,,
10.1016/j.ijbiomac.2018.10.055,,,
10.1039/d1fo00297j,,,
10.1016/bs.pmbts.2019.02.010,,,
10.1016/j.ijbiomac.2024.131701,,,
10.1080/14786419.2022.2096605,,,
10.1016/j.ijbiomac.2021.04.178,,,
10.1016/j.ijbiomac.2019.10.223,,,
10.1080/14786419.2018.1471480,,,
10.1016/j.ijbiomac.2020.06.140,,,
10.1016/j.ijbiomac.2021.03.088,,,
10.1016/j.carbpol.2020.116020,,,
10.1016/j.ijbiomac.2019.11.212,,,
10.1016/j.ijbiomac.2021.11.060,,,
10.1016/j.ijbiomac.2019.11.245,,,
10.1016/j.carres.2022.108698,,,
10.1016/j.ijbiomac.2020.06.128,,,
10.1016/j.ijbiomac.2020.01.284,,,
10.1016/j.ijbiomac.2020.02.034,,,
10.1016/j.ijbiomac.2016.05.063,,,
10.1016/j.ijbiomac.2018.01.110,,,
10.1016/j.carbpol.2014.06.021,,,
10.1016/j.ijbiomac.2018.02.070,,,
10.1016/j.ijbiomac.2017.05.191,,,
10.1080/10286020.2016.1173675,,,
10.3389/fphar.2022.937581,,,
10.1016/j.fochx.2023.100621,,,
10.1016/j.carbpol.2016.11.006,,,
10.1002/jsfa.11356,,,
10.1016/j.ijbiomac.2023.123843,,,
10.1016/j.ijbiomac.2021.06.152,,,
10.1016/j.ijbiomac.2021.09.038,,,
10.3390/md15120388,,,
10.1016/j.ijbiomac.2018.09.192,,,
10.1016/j.ijbiomac.2017.01.149,,,
10.1016/j.ijbiomac.2015.10.032,,,
10.1080/14786419.2017.1423308,,,
10.1016/j.ijbiomac.2020.11.060,,,
10.1016/j.ijbiomac.2021.02.163,,,
10.1016/j.ijbiomac.2022.05.097,,,
10.1016/j.ijbiomac.2023.123324,,,
10.1016/j.ijbiomac.2020.02.015,,,
10.1038/s41598-022-26802-x,,,
10.1016/j.carbpol.2022.119309,,,
10.1016/j.carbpol.2020.117516,,,
10.1016/j.ijbiomac.2019.03.148,,,
10.1016/j.foodchem.2020.127042,,,
10.1016/j.ijbiomac.2019.04.087,,,
10.1111/jfbc.13871,,,
10.1039/c9fo00860h,,,
10.3390/molecules28145566,,,
10.1016/j.ijbiomac.2011.06.012,,,
10.1142/S0192415X09007387,,,
10.1016/j.ijbiomac.2017.08.163,,,
10.1016/j.ijbiomac.2018.05.212,,,
10.3390/md11114464,,,
10.3892/or.2015.3921,,,
10.1016/j.carbpol.2015.08.067,,,
10.1016/j.ijbiomac.2019.09.141,,,
10.1016/j.ijbiomac.2022.02.038,,,
10.1016/j.ijbiomac.2019.01.159,,,
10.1016/j.foodchem.2020.127257,,,
10.1016/j.ijbiomac.2019.09.046,,,
10.1016/j.ijbiomac.2019.02.102,,,
10.1016/j.ijbiomac.2020.06.028,,,
10.1016/j.ijbiomac.2018.02.151,,,
10.3390/molecules21060697,,,
10.1016/j.ijbiomac.2017.12.107,,,
10.1016/j.carbpol.2016.02.049,,,
10.1016/j.ijbiomac.2016.01.036,,,
10.1016/j.ijbiomac.2018.03.019,,,
10.1016/j.ijbiomac.2018.05.192,,,
10.1016/j.ijbiomac.2016.11.039,,,
10.1016/j.carres.2014.06.004,,,
10.1016/j.ijbiomac.2022.04.193,,,
10.1016/j.ijbiomac.2020.09.168,,,
10.3389/fnut.2023.1119583,,,
10.1002/jsfa.12808,,,
10.3892/ol.2020.11761,,,
10.1039/d0fo03020a,,,
10.1007/s13659-023-00384-1,,,
10.3389/fnut.2022.942241,,,
10.1016/j.carres.2009.08.042,,,
10.3390/md14090170,,,
10.1016/j.carbpol.2017.08.117,,,
10.3390/molecules22061016,,,
10.1016/j.ijbiomac.2018.11.238,,,
10.1016/j.carbpol.2016.03.061,,,
10.1016/j.ijbiomac.2013.03.033,,,
10.1016/j.carbpol.2016.10.082,,,
10.1016/j.carbpol.2017.03.018,,,
10.1016/j.carbpol.2014.02.042,,,
10.1016/j.ijbiomac.2023.124142,,,
10.1016/j.ijbiomac.2023.123984,,,
10.1016/j.carbpol.2021.118960,,,
10.1016/j.carbpol.2019.115477,,,
10.1016/j.ijbiomac.2021.08.185,,,
10.1016/j.carbpol.2019.01.044,,,
10.1016/j.ijbiomac.2018.11.085,,,
10.1016/j.carbpol.2020.117389,,,
10.1016/j.carbpol.2022.119822,,,
10.1016/j.ijbiomac.2019.11.071,,,
10.1111/jfbc.14380,,,
10.1016/j.ijbiomac.2023.123673,,,
10.1016/j.carbpol.2020.115895,,,
10.1016/j.jep.2020.112833,,,
10.1002/cbdv.202001010,,,
10.1016/j.carbpol.2019.115038,,,
10.1016/j.carbpol.2019.03.099,,,
10.1016/j.ijbiomac.2020.02.195,,,
10.1016/j.carbpol.2022.120216,,,
10.1016/j.ijbiomac.2021.01.039,,,
10.1016/j.carbpol.2021.118288,,,
10.1111/jfbc.13135,,,
10.1016/j.ijbiomac.2023.127463,,,
10.1016/j.carres.2021.108358,,,
10.1021/jf301088x,,,
10.1016/j.carbpol.2013.10.024,,,
10.1016/j.ijbiomac.2014.03.032,,,
10.1016/j.carbpol.2016.02.067,,,
10.1016/j.carbpol.2022.119742,,,
10.1016/j.carres.2021.108398,,,
10.1016/j.carbpol.2019.115728,,,
10.1016/j.ijbiomac.2020.03.058,,,
10.1016/j.ijbiomac.2019.01.158,,,
10.1172/JCI112328,,,
10.1042/bj1050317,,,
10.1016/s0008-6215(00)84962-9,,,
unfounded,,,
10.1042/bj2730307,,,
10.1128/jb.166.1.66-71.1986,,,
10.1016/s0008-6215(00)83495-3,,,
10.1042/bj2000093,,,
10.1016/s0008-6215(00)87023-8,,,
10.1016/s0008-6215(00)84083-5,,,
10.1002/jobm.3630210704,,,
10.1159/000233084,,,
10.1111/j.1432-1033.1969.tb19598.x,,,
10.1128/iai.48.2.324-330.1985,,,
10.1139/o90-112,,,
10.1016/0141-8130(89)90058-5,,,
10.1139/o80-050,,,
10.1128/JVI.29.1.336-343.1979,,,
10.1128/jb.118.3.848-854.1974,,,
10.1016/s0008-6215(00)87019-6,,,
10.1042/bj0980522,,,
10.1016/0304-4165(86)90142-x,,,
10.1016/0304-4165(78)90252-0,,,
10.1139/o86-097,,,
10.1042/bj1090419,,,
10.1002/neu.480200603,,,
10.1111/j.1432-1033.1983.tb07310.x,,,
10.1007/BF00229898,,,
10.1016/j.ijbiomac.2010.04.011,,,
10.1016 /j.ijbiomac.2010.10.015,,,
10.1016/s0008-6215（01）00104-5,,,
10.1021/bm100402n,,,
10.3390/ijms15035140,,,
10.1016/j.ijbiomac.2022.05.096,,,
10.1016/j.ijbiomac.2020.10.071,,,
10.1016/j.carbpol.2020.117080,,,
10.3390/jof9050514,,,
10.1016/j.ijbiomac.2023.128588,,,
10.1016/j.ijbiomac.2023.129187,,,
10.1016/j.ijbiomac.2023.128822,,,
10.1016/j.carbpol.2023.121709,,,
10.1186/s40538-023-00447-y,,,
10.1007/s13399-023-05014-x,,,
10.1016/j.ijbiomac.2010.02.006,,,
10.1002/pca.1235,,,
10.1016/B978-0-12-385520-6.00004-2,,,
10.1016/j.foodchem.2012.05.071,,,
10.1134/s1068162012070242,,,
10.1016/j.carbpol.2012.04.067,,,
10.1007/s11705-010-0002-2,,,
10.1016/j.indcrop.2010.12.003,,,
10.1016/j.carbpol.2011.05.052,,,
10.1016/j.carbpol.2012.03.043,,,
10.1016/j.carres.2011.09.034,,,
10.1016/j.ijbiomac.2010.09.003,,,
10.1016/j.carbpol.2012.01.039,,,
10.1016/j.carbpol.2011.04.020,,,
10.1016/j.carbpol.2010.06.048,,,
10.1016/j.ijbiomac.2012.01.021,,,
10.1016/j.carres.2010.06.009,,,
10.1016/j.phytochem.2011.08.02,,,
10.1016/j.carbpol.2010.08.014,,,
10.1007/s11274-012-1005-6,,,
10.1134/s1068162012070230,,,
10.1016/j.carbpol.2010.04.010,,,
10.1128/IAI.00111-10,,,
10.1002/mnfr.200900009,,,
10.1016/j.carbpol.2010.12.012,,,
10.1016/j.carbpol.2012.07.044,,,
10.1039/c2fo10279j,,,
10.1016/j.chroma.2010.07.036,,,
10.1007/s10811-011-9690-3,,,
10.1016/j.foodres.2011.10.035,,,
10.1016/j.foodchem.2011.08.020,,,
10.1007/s10600-011-9818-3,,,
10.1016/j.carbpol.2010.12.033,,,
10.1016/j.carbpol.2012.01.044,,,
10.1016/j.foodhyd.2010.04.010,,,
10.1021/bm200260d,,,
10.1248/cpb.58.507,,,
10.1016/j.foodchem.2011.11.010,,,
10.1007/s00253-009-2296-x,,,
10.1007/s11802-012-2107-3,,,
10.1016/j.fitote.2012.09.005,,,
10.1016/j.ijbiomac.2010.12.003,,,
10.1016/j.carbpol.2011.06.006,,,
10.1016/j.carres.2012.09.006,,,
10.3390/agriculture2040452,,,
10.1016/j.ijbiomac.2010.02.002,,,
10.1016/j.carbpol.2011.08.034,,,
10.1016/j.carbpol.2012.04.049,,,
10.1016/j.carbpol.2012.03.005,,,
10.1016/j.carbpol.2010.01.017,,,
10.3390/md9102106,,,
10.1016/j.carbpol.2011.12.018,,,
10.1080/15583724.2012.668154,,,
10.1016/j.carbpol.2010.08.050,,,
10.1016/j.carres.2010.04.004,,,
10.1186/1472-6882-11-58,,,
10.1080/14786410903182212,,,
10.1016/j.carbpol.2010.06.025,,,
10.1007/s00449-011-0609-9,,,
10.1002/bit.22557,,,
10.1016/j.foodchem.2010.06.038,,,
10.1016/j.foodchem.2011.06.029,,,
10.2174/092986710791556069,,,
10.1016/j.biomaterials.2012.01.007,,,
10.1021/jf301552t,,,
10.1021/bm100397p,,,
10.1016/j.ijbiomac.2010.04.010,,,
10.1016/j.carbpol.2010.04.020,,,
10.1016/j.carres.2012.06.016,,,
10.1109/HHBE.2011.6028383,,,
10.1016/j.carbpol.2010.08.040,,,
10.1016/j.carbpol.2010.12.071,,,
10.1016/j.ijbiomac.2011.09.017,,,
10.1016/j.carbpol.2011.07.056,,,
10.1016/j.ijbiomac.2011.06.016,,,
10.1016/j.fitote.2012.09.029,,,
10.1016/j.fitote.2009.11.008,,,
10.1007/s00226-010-0320-z,,,
10.1007/s12161-011-9312-3,,,
10.1111/j.1365-2621.2010.02388.x,,,
10.5897/JPP10.025,,,
10.1016/j.foodhyd.2009.12.010,,,
10.1016/j.carbpol.2011.08.053,,,
10.19540/j.cnki.cjcmm.20190701.103,,,
10.1016/bs.pmbts.2019.03.003,,,
10.1016/j.carres.2020.108037,,,
10.1016/j.procbio.2019.02.020,,,
10.1016/j.foodhyd.2019.105586,,,
10.1016/j.ijbiomac.2018.08.143,,,
10.1016/j.indcrop.2020.112895,,,
10.1016/j.ijbiomac.2020.10.168,,,
10.1016/j.ijbiomac.2019.01.178,,,
10.1016/j.ijbiomac.2020.04.133,,,
10.1016/j.carbpol.2019.115362,,,
10.1016/j.fshw.2019.12.006,,,
10.1016/j.carbpol.2020.116355,,,
10.1016/j.ijbiomac.2019.04.059,,,
10.1016/j.ijbiomac.2019.09.168,,,
10.1016/j.ijbiomac.2017.08.034,,,
10.1016/j.ijbiomac.2019.05.129,,,
10.1016/j.carbpol.2019.115688,,,
10.3390/molecules24173122,,,
10.1016/j.ijbiomac.2018.11.194,,,
10.3390/md18120595,,,
10.1016/j.ijbiomac.2018.02.003,,,
10.1016/j.carbpol.2017.10.026,,,
10.1016/j.carbpol.2018.06.098,,,
10.1016/j.carbpol.2017.10.099,,,
10.3390/nu11051181,,,
10.3390/md16020063,,,
10.1016/j.algal.2019.101750,,,
10.1016/j.ijbiomac.2017.12.034,,,
10.1016/j.algal.2020.101853,,,
10.1016/j.ijbiomac.2018.11.079,,,
10.1016/j.foodchem.2018.08.012,,,
10.1016/j.ijbiomac.2018.01.196,,,
10.1016/j.foodhyd.2019.105396,,,
10.1016/B978-0-12-817055-7.00026-1,,,
10.1016/j.ijbiomac.2018.01.059,,,
10.1111/ijfs.14408,,,
10.1016/j.carbpol.2017.12.048,,,
10.3390/molecules24081485,,,
10.1016/j.ijbiomac.2019.12.222,,,
10.1016/j.ijbiomac.2020.10.113,,,
10.1248/bpb.b19-00978,,,
10.1016/j.foodchem.2018.03.052,,,
10.1016/j.ijbiomac.2019.03.029,,,
10.1016/j.ijbiomac.2020.02.018,,,
10.1016/j.ijbiomac.2019.05.211,,,
10.1016/j.ijbiomac.2020.02.168,,,
10.1016/j.carbpol.2020.116595,,,
10.1016/j.ijbiomac.2019.08.161,,,
10.1016/j.ijbiomac.2018.01.005,,,
10.1016/j.ijbiomac.2019.04.077,,,
10.1016/j.carbpol.2017.11.022,,,
10.1016/j.carbpol.2017.12.083,,,
10.1016/j.ijbiomac.2018.02.042,,,
10.1016/j.ijbiomac.2019.11.201,,,
10.1016/j.ijbiomac.2018.12.231,,,
10.1016/j.carbpol.2018.05.028,,,
10.1016/j.ijbiomac.2018.07.098,,,
10.1039/C9RA02977J,,,
10.1016/j.ijbiomac.2019.06.110,,,
10.1016/j.ijbiomac.2018.07.109,,,
10.1016/j.ijbiomac.2020.05.274,,,
10.1016/j.ijbiomac.2020.08.150,,,
10.1016/j.carbpol.2018.05.037,,,
10.1073/pnas.1904099116,,,
10.1002/advs.201700513,,,
10.1016/j.ijbiomac.2018.07.082,,,
10.1016/j.ijbiomac.2020.03.072,,,
10.3389/fpls.2020.587610,,,
10.1021/acs.jnatprod.8b00238,,,
10.1016/j.ijbiomac.2020.08.202,,,
10.1016/j.ijbiomac.2018.01.010,,,
10.1016/j.ijbiomac.2017.08.135,,,
10.1007/s13205-020-02175-8,,,
10.1016/j.foodhyd.2018.05.025,,,
10.1016/j.ijbiomac.2019.01.043,,,
10.1016/j.ijbiomac.2019.08.170,,,
10.1016/j.ijbiomac.2019.05.166,,,
10.1016/j.ijbiomac.2019.01.042,,,
10.3390/molecules24091834,,,
10.1016/j.procbio.2020.03.005,,,
10.1016/j.ijbiomac.2020.02.054,,,
10.1016/j.ijbiomac.2020.06.182,,,
10.1016/j.ijbiomac.2020.01.059,,,
10.1016/j.foodhyd.2017.12.002,,,
10.1016/j.ijbiomac.2019.09.244,,,
10.1016/j.ijbiomac.2019.11.196,,,
10.1016/j.ijbiomac.2019.04.029,,,
10.1111/ijfs.13788,,,
10.1016/j.ijbiomac.2019.09.151,,,
10.1016/j.ijbiomac.2020.02.147,,,
https://doi.org/10.1016/j.ijbiomac.2020.02.147,,,
https://doi.org/10.1016/j.ijbiomac.2020.02.226,,,
https://doi.org/10.1016/j.ijbiomac.2020.06.206,,,
https://doi.org/10.1111/ijfs.14501,,,
https://doi.org/10.1016/j.carbpol.2018.02.036,,,
https://doi.org/10.1016/j.carbpol.2018.09.068,,,
https://doi.org/10.1016/j.ijbiomac.2019.04.176,,,
https://doi.org/10.1016/j.carbpol.2017.12.065,,,
https://doi.org/10.1016/j.fct.2020.111754,,,
https://doi.org/10.1080/1040841X.2020.1794788,,,
https://doi.org/10.1016/j.ijbiomac.2019.05.157,,,
https://doi.org/10.1016/j.ijbiomac.2019.11.095,,,
https://doi.org/10.1016/j.ijbiomac.2019.06.198,,,
https://doi.org/10.1016/j.ijbiomac.2017.12.016,,,
10.1016/j.carbpol.2018.02.036,,,
https://doi.org/10.1016/j.fitote.2017.11.016,,,
https://doi.org/10.1016/j.carbpol.2018.06.042,,,
https://doi.org/10.1016/j.ijbiomac.2018.10.201,,,
https://doi.org/10.1080/14786419.2018.1452017,,,
https://doi.org/10.3390/molecules24071218,,,
https://doi.org/10.1111/tpj.14977,,,
10.1016/j.foodchem.2014.08.097,,,
10.1021/acs.jafc.5b05180,,,
10.1016/j.ijbiomac.2015.08.020,,,
10.1021/jf505909k,,,
10.1016/j.carbpol.2015.04.055,,,
10.1016/j.lwt.2016.07.005,,,
10.1007/s10126-015-9643-y,,,
10.1016/j.ijbiomac.2016.09.076,,,
10.1016/j.carbpol.2014.05.069,,,
10.1016/j.carres.2013.12.009,,,
10.1007/s00253-015-7260-3,,,
10.1016/j.carbpol.2015.12.050,,,
10.1094/CCHEM-03-15-0056-R,,,
10.1016/j.carbpol.2015.09.035,,,
10.1039/C4RA13350A,,,
10.1016/j.ijbiomac.2015.10.069,,,
10.1016/j.jpba.2016.06.051,,,
10.1016/j.carres.2014.12.014,,,
10.1016/j.carbpol.2015.03.011,,,
10.1016/j.carbpol.2015.02.028,,,
10.1016/j.carbpol.2014.09.082,,,
10.1021/jf505915t,,,
10.1016/j.carbpol.2014.07.068,,,
10.1016/j.carbpol.2014.12.065,,,
10.1016/j.ijbiomac.2014.12.013,,,
10.1016/j.carbpol.2016.02.030,,,
10.1007/s10068-015-0210-0,,,
10.1016/j.carbpol.2016.01.040,,,
10.1016/j.carbpol.2014.12.085,,,
10.1016/j.carbpol.2014.10.019,,,
10.5344/ajev.2014.14114,,,
10.1590/S1982-56762014000200001,,,
10.1007/s10811-014-0293-7,,,
10.1016/j.carres.2014.03.001,,,
10.1007/s00217-014-2306-9,,,
10.3390/md12094984,,,
10.1016/j.foodhyd.2014.07.004,,,
10.3390/molecules190913432,,,
10.1016/j.ijbiomac.2014.08.026,,,
10.1016/j.carres.2014.02.020,,,
10.1615/IntJMedMushrooms.v17.i2.60,,,
10.1007/978-3-642-53971-8_22,,,
10.1016/j.ijbiomac.2014.02.056,,,
10.1371/journal.pone.0135382,,,
10.1016/j.sbi.2014.07.009,,,
10.1016/j.foodhyd.2014.09.031,,,
10.1016/j.jff.2014.04.029,,,
10.1016/j.ijbiomac.2015.01.010,,,
10.1016/j.carbpol.2015.09.062,,,
10.1007/s10719-014-9526-x,,,
10.1016/j.carbpol.2013.12.048,,,
10.1016/j.carbpol.2016.03.060,,,
10.1016/j.ijbiomac.2019.11.045,,,
10.1016/j.foodchem.2021.130772,,,
10.1016/j.ultsonch.2020.105355,,,
10.1016/j.carbpol.2017.02.034,,,
10.1002/hlca.19950780122,,,
10.1016/j.ab.2004.05.051,,,
10.1016/j.ijbiomac.2019.11.095,,,
10.1016/j.bcdf.2021.100276,,,
10.1016/j.ijbiomac.2021.08.101,,,
10.3390/app11083717,,,
10.1016/j.ijbiomac.2020.11.208,,,
10.1002/adfm.202010732,,,
10.1016/j.ijbiomac.2021.07.008,,,
10.3390/molecules26092618,,,
10.3390/jof7010058,,,
10.1016/j.jgr.2020.09.002,,,
10.1016/j.foodhyd.2021.106749,,,
10.1016/j.carbpol.2020.116388,,,
10.1016/j.carbpol.2019.115382,,,
10.3390/polym12081837,,,
10.1016/j.carbpol.2020.116942,,,
10.1016/j.carbpol.2019.115548,,,
10.1016/j.mset.2020.12.004,,,
10.3390/md18120658,,,
10.1016/j.foodres.2020.109054,,,
10.1016/bs.apha.2019.08.003,,,
10.1016/j.ijbiomac.2021.01.081,,,
10.3390/molecules25041004,,,
10.1002/jsfa.10977,,,
10.3390/biomedicines8050135,,,
10.21127/yaoyimr20200003,,,
10.3390/ani11061573,,,
10.1016/j.ddtec.2020.11.003,,,
10.1016/j.carbpol.2020.116750,,,
10.1016/j.bcab.2021.102085,,,
10.1016/j.ijbiomac.2021.07.182,,,
10.1016/j.ijbiomac.2020.09.093,,,
10.1016/j.carbpol.2019.115314,,,
10.1016/j.indcrop.2020.113079,,,
10.1016/j.carbpol.2020.115978,,,
10.3390/foods10081755,,,
10.1016/j.jgr.2019.05.002,,,
10.1016/j.molstruc.2021.129986,,,
10.1016/j.carbpol.2021.118648,,,
10.1016/j.carbpol.2020.115856,,,
10.1016/j.foodchem.2021.129883,,,
10.1016/j.foodhyd.2020.105768,,,
10.1016/j.fshw.2020.05.003,,,
10.1016/j.ijbiomac.2020.06.120,,,
10.1016/j.carbpol.2020.117006,,,
10.1002/cbdv.202001023,,,
10.3390/molecules25051155,,,
10.1016/j.carbpol.2019.115475,,,
10.1016/j.ijbiomac.2019.11.208,,,
10.1016/j.jconrel.2020.04.022,,,
10.3390/molecules26154395,,,
10.1016/j.bioorg.2021.105275,,,
10.1016/S0008-6215(02)00078-2,,,
j.ijbiomac.2004.12.006,,,
10.1016/S0308-8146(00)00312-5,,,
10.3389/fpls.2017.00173,,,
10.1016/j.carbpol.2017.05.092,,,
10.1016/j.carbpol.2015.10.017,,,
10.1016/j.carbpol.2016.04.001,,,
10.1016/j.ijbiomac.2016.04.067,,,
10.1016/j.foodchem.2017.09.051,,,
10.1016/j.carbpol.2017.01.067,,,
10.1016/j.foodchem.2016.09.181,,,
10.1016/j.foodchem.2017.05.002,,,
10.3390/molecules23010062,,,
10.1016/j.foodhyd.2016.12.003,,,
10.1016/j.ijbiomac.2016.05.030,,,
10.1016/j.foodhyd.2015.11.011,,,
10.1016/j.jff.2017.09.057,,,
10.1016/j.ijbiomac.2017.03.097,,,
10.1016/j.carbpol.2017.08.042,,,
10.1016/j.ijbiomac.2016.08.058,,,
10.1016/j.ijbiomac.2017.03.157,,,
10.1016/j.ijbiomac.2016.12.089,,,
10.1016/j.carbpol.2016.07.036,,,
10.1016/j.ijbiomac.2016.08.067,,,
10.1080/10286020.2015.1082547,,,
10.1016/j.foodres.2016.11.016,,,
10.1039/C5FO00491H,,,
10.1016/j.carbpol.2015.07.030,,,
10.1016/j.phytochem.2015.04.009,,,
10.1016/j.carbpol.2014.10.034,,,
10.1016/j.carbpol.2013.12.002,,,
10.1016/j.carbpol.2015.03.057,,,
10.1039/c3fo60378d,,,
10.1016/j.carbpol.2013.11.012,,,
10.1016/j.ijbiomac.2013.11.029,,,
10.1021/acs.jafc.5b03306,,,
10.1016/j.ijbiomac.2015.04.070,,,
10.1021/jf500438s,,,
10.1016/j.carbpol.2014.03.060,,,
10.1021/acs.biomac.5b00855,,,
10.1007/s00217-015-2430-1,,,
10.1371/journal.pone.0099697,,,
10.1016/j.carbpol.2015.05.004,,,
10.1016/j.carbpol.2014.01.059,,,
10.1016/j.carbpol.2014.11.034,,,
10.1016/j.carbpol.2013.10.087,,,
10.1016/j.carbpol.2014.12.034,,,
10.1016/j.carbpol.2014.02.039,,,
10.1016/j.carbpol.2015.03.070,,,
10.1007/s10068-015-0205-x,,,
10.1080/14786419.2014.995652,,,
10.3390/md12094883,,,
10.1016/j.ijbiomac.2015.04.015,,,
10.1016/j.ijbiomac.2014.11.001,,,
10.1016/j.carbpol.2013.12.009,,,
10.1021/jf404752c,,,
10.5582/ddt.2015.01023,,,
10.1016/j.ijbiomac.2015.03.056,,,
10.1016/j.foodchem.2014.07.022,,,
10.1021/jf504677r,,,
10.1111/jphp.12399,,,
10.1016/j.ijbiomac.2014.08.044,,,
10.1007/s10068-015-0004-4,,,
10.1016/j.carbpol.2013.12.085,,,
10.1016/j.carbpol.2014.11.073,,,
10.1016/j.foodchem.2013.11.091,,,
https://doi.org/10.1016/j.carbpol.2018.08.007,,,
https://doi.org/10.1016/j.ijbiomac.2017.08.160,,,
https://doi.org/10.5740/jaoacint.18-0121,,,
https://doi.org/10.1016/j.ijbiomac.2019.05.028,,,
https://doi.org/10.1016/j.ijbiomac.2019.09.046,,,
https://doi.org/10.1016/j.ijbiomac.2020.04.108,,,
https://doi.org/10.1111/ijfs.14094,,,
https://doi.org/10.1016/j.jchromb.2020.122255,,,
https://doi.org/10.1016/j.carbpol.2018.08.106,,,
https://doi.org/10.1016/j.ijbiomac.2019.08.238,,,
https://doi.org/10.1016/j.carbpol.2020.116047,,,
https://doi.org/10.1016/j.ijbiomac.2020.09.093,,,
https://doi.org/10.1016/j.foodres.2020.109345,,,
https://doi.org/10.1016/j.ijbiomac.2019.06.117,,,
https://doi.org/10.1016/j.carbpol.2019.115680,,,
https://doi.org/10.1016/j.carbpol.2019.115314,,,
https://doi.org/10.1016/j.ijbiomac.2019.01.067,,,
https://doi.org/10.1016/j.ijbiomac.2020.08.141,,,
https://doi.org/10.1016/j.carbpol.2018.11.012,,,
https://doi.org/10.1016/j.carres.2019.107813,,,
https://doi.org/10.1016/j.jff.2018.11.021,,,
https://doi.org/10.1016/j.procbio.2018.08.011,,,
10.1016/j.foodchem.2019.01.203,,,
10.1016/j.foodchem.2017.11.058,,,
10.1016/j.carbpol.2019.03.059,,,
10.1016/j.carbpol.2009.11.032,,,
10.3389/fmicb.2011.00171,,,
10.1016/j.foodchem.2010.05.030,,,
10.1371/journal.ppat.1002372,,,
10.1016/j.ijfoodmicro.2012.17,,,
10.1016/j.carbpol.2011.07.029,,,
10.1016/j.foodres.2009.09.035,,,
10.1016/j.ijbiomac.2011.04.015,,,
10.1016/j.carbpol.2009.07.047,,,
10.3390/md9122605,,,
10.1016/j.carbpol.2011.07.042,,,
10.1016/j.fct.2011.07.044,,,
10.1016/j.carbpol.2010.06.006,,,
10.1016/j.carbpol.2011.11.009,,,
10.1016/j.carbpol.2010.05.035,,,
10.1007/s12257-011-0173-9,,,
10.1016/j.carbpol.2010.01.050,,,
10.5897/AJPAC12.004,,,
10.1016/j.foodchem.2012.03.088,,,
https://conf.mfu.ac.th/archive/mfuic2012/electronic_proceeding/Documents/00_PDF/P-HS/P-HS-27.pdf,,,
10.1016/j.foodres.2011.11.017,,,
10.1016/j.carres.2010.07.043,,,
10.1007/s10600-012-0091-x,,,
10.1016/j.foodchem.2011.10.087,,,
10.1007/s00396-011-2528-3,,,
10.1016/j.carbpol.2010.06.039,,,
https://good-days.ro/files/file/aloe/biological_properties_of_acemannan.pdf,,,
10.1080/01496395.2012.665118,,,
10.1016/j.ijbiomac.2012.05.001,,,
10.1016/B978-0-12-394597-6.00003-3,,,
10.1016/j.ijbiomac.2009.10.013,,,
10.1016/j.enzmictec.2009.11.001,,,
10.1016/j.carres.2010.07.031,,,
10.1016/j.jbiosc.2009.07.010,,,
10.1016/j.foodchem.2009.04.126,,,
10.1016/j.carbpol.2010.04.011,,,
10.1016/j.foodchem.2010.09.052,,,
10.1134/S1990750812010118,,,
10.1104/pp.110.156646,,,
10.1093/glycob/cws096,,,
10.1016/j.carres.2011.01.020,,,
10.1016/j.carres.2011.10.024,,,
10.1111/j.2042-7158.2011.01274.x,,,
10.1016/j.carbpol.2012.01.068,,,
10.1016/j.phytochem.2010.05.021,,,
10.1201/b11107,,,
10.1104/pp.110.156158,,,
10.5897/JMPR11.1344,,,
10.1155/2012/487564,,,
10.1016/j.carbpol.2004.01.012,,,
10.1111/j.1574-6968.2004.tb09740.x,,,
10.1042/bj3570505,,,
10.5897/AJB2003.000-1123,,,
10.1016/j.carres.2004.08.011,,,
10.1016/j.carres.2003.07.001,,,
10.1016/j.phytochem.2004.05.002,,,
10.1016/j.carres.2005.01.007,,,
10.1002/ptr.1789,,,
10.1016/j.bbrc.2004.12.082,,,
10.1046/j.1432-1327.2001.02356.x,,,
10.1016/j.jembe.2004.12.027,,,
10.1093/glycob/11.2.131,,,
10.1078/0944-7113-00007,,,
10.1093/glycob/cwi021,,,
10.1016/j.intimp.2005.03.012,,,
10.1055/s-2004-827184,,,
10.1515/znc-2002-5-609,,,
10.1081/CAR-200064662,,,
10.1016/j.ijbiomac.2005.03.002,,,
10.1111/j.1348-0421.2001.tb02622.x,,,
10.1016/j.carres.2004.06.015,,,
10.1111/j.1574-695X.2001.tb01574.x,,,
10.1006/jcrs.2001.0427,,,
10.1021/jo001302m,,,
10.1002/mnfr.200500030,,,
10.1111/j.1574-695X.2001.tb00524.x,,,
10.1128/iai.73.5.3007-3017.2005,,,
10.1016/j.ijbiomac.2023.125953,,,
10.1016/j.lwt.2022.114079,,,
10.1016/j.jff.2023.105781,,,
10.1016/j.carbpol.2017.08.063,,,
10.1016/j.ijbiomac.2024.129347,,,
10.1016/j.ijbiomac.2019.06.171,,,
10.3390/md21120632,,,
10.1002/cbdv.202100739,,,
10.1016/j.carbpol.2016.07.076,,,
10.1128/IAI.69.2.917-923.2001,,,
10.1016/j.carres.2013.12.008,,,
10.1021/np100092c,,,
10.1016/s0031-9422(02)00040-7,,,
10.1104/pp.62.3.418,,,
10.5740/jaoacint.18-0121,,,
10.1016/j.carres.2012.10.013,,,
10.1016/0304-4165(72)90123-7,,,
10.3390/md9010124,,,
10.1021/jf0104883,,,
10.1016/j.ijbiomac.2023.124611,,,
10.1016/j.ijbiomac.2020.06.232,,,
10.1016/j.ijbiomac.2024.129793,,,
10.1016/j.ijbiomac.2017.12.096,,,
10.1016/j.ijbiomac.2019.02.049,,,
10.1016/j.ijbiomac.2019.03.074,,,
10.1016/j.ijbiomac.2019.08.048,,,
10.1016/j.ijbiomac.2019.12.087,,,
10.1016/j.ijbiomac.2019.09.024,,,
10.1016/j.ijbiomac.2019.10.079,,,
10.1016/j.ijbiomac.2020.04.024,,,
10.1016/j.ijbiomac.2020.04.092,,,
10.1016/j.ijbiomac.2019.03.012,,,
10.1111/jfbc.12899,,,
10.3390/molecules24193517,,,
10.3390/molecules28020596,,,
10.1002/jsfa.12531,,,
10.1016/j.ijbiomac.2020.06.272,,,
10.1016/j.ijbiomac.2020.05.083,,,
10.1016/j.foodchem.2020.126647,,,
10.1016/j.carbpol.2020.117522,,,
10.3390/molecules24081605,,,
10.1016/j.ijbiomac.2019.05.010,,,
10.1016/j.ijbiomac.2018.12.245,,,
10.1039/d1fo01576a,,,
10.1016/j.ijbiomac.2018.10.096,,,
10.1155/2020/2308017,,,
10.1016/j.ijbiomac.2019.07.167,,,
10.1016/j.ijbiomac.2019.06.142,,,
10.1016/j.ijbiomac.2019.03.180,,,
10.1016/j.ijbiomac.2019.02.074,,,
10.1016/j.ijbiomac.2019.10.078,,,
10.1039/c9fo01511f,,,
10.3390/molecules28073114,,,
10.1002/bab.1844,,,
10.3389/fimmu.2022.994706,,,
10.1016/j.carbpol.2020.116301,,,
10.1016/j.carbpol.2018.03.051,,,
10.1016/j.ijbiomac.2017.10.095,,,
10.1016/j.ijbiomac.2016.01.023,,,
10.1016/j.ijbiomac.2015.09.030,,,
10.1016/j.carbpol.2014.06.058,,,
10.1016/j.ijbiomac.2016.07.086,,,
10.1016/j.ijbiomac.2012.04.029,,,
10.1021/jf400236x,,,
10.1016/j.ijbiomac.2017.03.078,,,
10.1016/j.carbpol.2014.03.022,,,
10.1016/j.ijbiomac.2011.11.012,,,
10.1002/jsfa.7048,,,
10.1016/j.ijbiomac.2018.05.134,,,
10.1016/j.ijbiomac.2017.11.053,,,
10.1016/j.ijbiomac.2018.03.008,,,
10.3390/molecules22111866,,,
10.1016/S1875-5364(15)30005-4,,,
10.1016/j.ijbiomac.2015.10.014,,,
10.1016/j.ijbiomac.2016.12.039,,,
10.1016/j.ijbiomac.2014.05.027,,,
10.3390/molecules21040397,,,
10.1016/j.ijbiomac.2018.11.015,,,
10.1016/j.ijbiomac.2017.11.062,,,
10.1016/j.ijbiomac.2013.04.052,,,
10.1016/j.ijbiomac.2015.01.024,,,
10.1016/j.ijbiomac.2014.05.050,,,
10.1016/j.ijbiomac.2017.10.139,,,
10.1016/j.carbpol.2016.07.116,,,
10.3390/molecules21101335,,,
10.3390/molecules17078079,,,
10.3390/molecules23030590,,,
10.1016/j.ijbiomac.2012.05.003,,,
10.1016/j.ijbiomac.2017.09.046,,,
10.3390/molecules17044373,,,
10.1016/j.ijbiomac.2018.01.197,,,
10.1016/j.ijbiomac.2018.09.019,,,
10.1007/s13205-021-02696-w,,,
10.1016/j.ijbiomac.2023.126155,,,
10.3390/polym15132917,,,
10.3390/polym13071106,,,
10.1007/s13197-020-04441-2,,,
10.3389/fnut.2022.1025897,,,
10.1155/2023/3820276,,,
10.1007/s10068-021-01001-y,,,
10.1016/j.fochx.2023.100644,,,
10.3390/polym11020215,,,
10.3390/antiox10040505,,,
10.1186/s13065-021-00741-6,,,
10.1016/j.jep.2023.116405,,,
10.3390/polym14214636,,,
10.1186/s13020-019-0273-6,,,
10.1021/acsomega.1c04339,,,
10.1039/d1ra03628a,,,
10.1016/j.foodchem.2022.132834,,,
10.1016 /j.foodchem.2010.12.143,,,
10.3390/molecules201017775,,,
10.1155/2018/3013497,,,
10.1007/s13197-017-3023-8,,,
10.1007/s12088-017-0699-4,,,
10.1016/j.jbiosc.2018.07.023,,,
10.1039/c7fo01171g,,,
10.1016/j.ijbiomac.2015.12.091,,,
10.1016/j.ijbiomac.2017.01.030,,,
10.1039/c7fo01035d,,,
10.1002/jsfa.7484,,,
10.1016/j.carbpol.2016.01.058,,,
10.1016/j.ijbiomac.2014.09.007,,,
10.1016/j.ijbiomac.2016.10.015,,,
10.1016/j.carbpol.2012.12.048,,,
10.1016/j.ijbiomac.2018.11.069,,,
10.1080 /21655979.2017.1283459,,,
10.1016/j.carbpol.2013.01.006,,,
10.1016/j.carbpol.2015.11.048,,,
10.1016/j.ijbiomac.2014.05.009,,,
10.1016/j.fct.2013.03.001,,,
10.1016/j.ijbiomac.2020.08.038,,,
10.1002/jsfa.12189,,,
10.3390/molecules28186468,,,
10.1016/bs.pmbts.2019.03.002,,,
10.1016/j.ijbiomac.2020.01.281,,,
10.1016/j.ijbiomac.2022.08.116,,,
10.1039/c9fo00687g,,,
10.1016/j.biopha.2023.114471,,,
10.2147/DDDT.S310263,,,
10.3390/biom9110730,,,
10.2174/1389201023666220517145338,,,
10.1016/j.ijbiomac.2021.08.086,,,
10.3389/fnut.2022.916976,,,
10.1016/j.ijbiomac.2023.126671,,,
10.3389/fnut.2021.710668,,,
10.1016/j.ijbiomac.2016.06.067,,,
10.1016/j.ijbiomac.2018.01.018,,,
10.1016/j.carbpol.2013.09.038,,,
10.1016/j.ijbiomac.2018.03.177,,,
10.1016/j.ijbiomac.2018.02.084,,,
10.1016/j.carbpol.2014.09.076,,,
10.1016/j.ijbiomac.2014.09.062,,,
10.1016 /j.carbpol.2016.07.122,,,
10.1016/j.ijbiomac.2015.05.060,,,
10.1016/j.ijbiomac.2016.02.037,,,
10.1016 /j.ijbiomac.2018.01.196,,,
10.1016 /j.ijbiomac.2016.12.089,,,
10.1016/j.carbpol.2015.11.071,,,
10.1016/j.ijbiomac.2017.03.040,,,
10.1016/j.ijbiomac.2018.01.088,,,
10.1016/j.ijbiomac.2016.03.006,,,
10.1016/j.carbpol.2014.06.047,,,
10.1016/j.ijbiomac.2017.09.088,,,
10.1016/j.ijbiomac.2018.04.188,,,
10.1016/j.ijbiomac.2017.11.164,,,
10.1016/j.ijbiomac.2018.01.057,,,
10.1016/j.ultsonch.2016.04.017,,,
10.1016/j.carbpol.2016.03.020,,,
10.1016/j.ijbiomac.2015.12.046,,,
10.1016/j.ijbiomac.2018.01.041,,,
10.1016/j.ijbiomac.2018.09.197,,,
10.1016/j.ijbiomac.2018.02.004,,,
10.1016/j.jbiosc.2018.12.004,,,
10.1016/j.ijbiomac.2017.12.119,,,
10.1016/j.foodchem.2015.08.061,,,
10.1016/j.carbpol.2013.07.090,,,
10.1016/j.ijbiomac.2012.03.006,,,
10.1016/j.carbpol.2015.03.069,,,
10.3390/ijms23168980,,,
10.1016/j.carbpol.2022.120467,,,
10.1016/j.carbpol.2022.119436,,,
10.1111/1750-3841.16207,,,
10.3390/ijms24076247,,,
10.3390/molecules27248881,,,
10.1016/j.ijbiomac.2019.09.069,,,
10.1016/j.ijbiomac.2021.03.183,,,
10.1016/j.foodchem.2022.135264,,,
10.1007/s10719-021-09972-0,,,
10.1016/j.ijbiomac.2019.10.040,,,
10.1016/j.ijbiomac.2020.10.127,,,
10.1016/j.ijbiomac.2019.01.214,,,
10.1016/j.carbpol.2019.05.087,,,
10.1016/j.ijbiomac.2020.07.314,,,
10.1007/s11130-023-01070-w,,,
10.1016/j.ijbiomac.2020.04.150,,,
10.1016/j.ijbiomac.2019.08.069,,,
10.3390/molecules28020701,,,
10.1016/j.ijbiomac.2018.11.215,,,
10.1016/j.ijbiomac.2021.10.055,,,
10.1007/BF00442418,,,
10.1016/0005-2736(76)90257-1,,,
10.1089/jmf.2011.1659,,,
10.1016 /j.carres.2008.10.021,,,
10.3390/molecules16021579,,,
10.3390/ijms12064068,,,
10.1016/j.micres.2006.07.002,,,
10.1016/j.ijbiomac.2009.07.008,,,
10.1016/j.ijbiomac.2011.05.028,,,
10.1021/jf010908o,,,
无,,,
10.1021/jf802687t,,,
10.1016/j.phymed.2005.02.002,,,
10.1016/j.lfs.2004.02.015,,,
10.1016/j.ijbiomac.2018.09.125,,,
10.1016/j.carbpol.2018.08.007,,,
10.1016/j.ijbiomac.2014.11.020,,,
10.1016/j.carbpol.2015.03.031,,,
10.1016/j.ijbiomac.2017.03.083,,,
10.1016/j.ijbiomac.2015.12.045,,,
10.1016/j.ijbiomac.2014.07.053,,,
10.1016/j.ijbiomac.2018.05.168,,,
10.1016/j.ijbiomac.2018.08.024,,,
10.1016/j.carbpol.2016.02.050,,,
10.1016/j.carbpol.2018.07.087,,,
10.1007/s10719-017-9806-3,,,
10.1371/journal.pone.0115638,,,
10.1016/j.ijbiomac.2018.04.049,,,
10.1016/j.carbpol.2018.01.022,,,
10.1016/j.ijbiomac.2019.03.065,,,
10.1016/j.foodchem.2019.01.215,,,
10.1016/j.ijbiomac.2018.11.077,,,
10.1615/IntJMedMushrooms.2022045268,,,
10.1016/j.ijbiomac.2020.10.015,,,
10.1016/j.ijbiomac.2020.01.305,,,
10.1016/j.ijbiomac.2019.03.053,,,
10.1016/j.ijbiomac.2020.12.053,,,
10.1016/j.foodres.2022.112022,,,
10.1016/j.ijbiomac.2020.06.277,,,
10.1016/j.ijbiomac.2019.10.167,,,
10.1016/j.ijbiomac.2020.06.279,,,
10.1080/14786419.2018.1516216,,,
10.1016/j.ijbiomac.2018.10.101,,,
10.1016/j.ijbiomac.2019.01.168,,,
10.1016/j.carbpol.2021.117700,,,
10.1111/jcmm.15870,,,
10.1016/j.ijbiomac.2020.10.029,,,
10.3390/biom9110677,,,
10.1016/j.ijbiomac.2020.04.146,,,
10.3390/molecules24183364,,,
10.1016/j.carbpol.2020.117371,,,
10.1016/j.ijbiomac.2020.02.288,,,
10.1016/j.ijbiomac.2019.03.207,,,
10.3390/molecules28041544,,,
10.1016/j.ijbiomac.2018.10.077,,,
10.3390/molecules24203733,,,
10.1002/cbdv.202200635,,,
10.3390/molecules28186655,,,
10.1160/TH13-08-0635,,,
10.3390/molecules22091409,,,
10.1155/2015/612352,,,
10.1016/j.ijbiomac.2017.11.093,,,
10.1016/j.carbpol.2017.12.007,,,
10.1016/j.ijbiomac.2017.10.098,,,
10.1016/j.ijbiomac.2018.10.035,,,
10.1016/j.ijbiomac.2015.12.066,,,
10.1016/j.ijbiomac.2017.12.016,,,
10.1089/jmf.2011.1716,,,
10.1016/j.carbpol.2014.02.037,,,
10.1016/j.carbpol.2012.10.057,,,
10.1016/j.carbpol.2015.07.061,,,
10.1016/j.ijbiomac.2018.09.113,,,
10.1016/j.ijbiomac.2018.06.078,,,
10.3390/molecules21091233,,,
10.1016/j.carbpol.2014.01.041,,,
10.3390/molecules23123261,,,
10.1016/j.carbpol.2018.03.063,,,
10.1002/jobm.201400781,,,
10.1016/j.ijbiomac.2013.04.076,,,
10.1016/j.ijbiomac.2016.07.014,,,
10.1016/j.ijbiomac.2013.09.051,,,
10.1016/j.carbpol.2014.09.001,,,
10.1016/j.carbpol.2015.12.054,,,
10.1016/j.ijbiomac.2017.10.055,,,
10.1016/j.carbpol.2014.16,,,
10.1016/j.ijbiomac.2015.04.047,,,
10.1016/j.ijbiomac.2015.11.049,,,
10.1016/j.ijbiomac.2016.05.061,,,
10.1016/j.ijbiomac.2012.08.006,,,
10.3109/09637486.2014.917147,,,
10.1016/j.foodchem.2016.12.087,,,
10.1016 /j.carbpol.2016.10.066,,,
10.1016/j.carbpol.2016.02.073,,,
10.1016/j.ijbiomac.2013.09.044,,,
10.1016/j.ijbiomac.2018.09.201,,,
10.1039/c7fo00218a,,,
10.1080 /09168451.2015.1132149,,,
10.1016/j.ijbiomac.2012.06.021,,,
10.1021/acs.jafc.5b01086,,,
10.1016/j.carbpol.2013.04.055,,,
10.1016/j.carbpol.2012.03.056,,,
10.3390/molecules23102596,,,
10.1016/j.ijbiomac.2018.08.159,,,
10.1016/j.ijbiomac.2018.12.080,,,
10.1016/j.ijbiomac.2015.03.026,,,
10.1016/j.ijbiomac.2014.08.021,,,
10.3390/molecules23123158,,,
10.1016/j.foodchem.2012.09.078,,,
10.1016/j.ijbiomac.2011.10.022,,,
10.1016/j.ijbiomac.2018.09.147,,,
10.1016/j.carbpol.2015.12.005,,,
10.1016/j.ijbiomac.2017.01.007,,,
10.1016/j.ijbiomac.2018.11.074,,,
10.1016/0042-6822(79)90273-3,,,
10.3390/foods10030518,,,
10.1093/aob/mcz050,,,
10.1038/s41598-023-40542-6,,,
10.3389/fphar.2021.806844,,,
10.3390/foods11131821,,,
10.3390/antiox12081579,,,
10.1016/j.ijbiomac.2023.125158,,,
10.1039/c9ra10798c,,,
10.3389/fbioe.2021.794818,,,
10.3390/metabo13020223,,,
10.1016/j.carbpol.2019.115647,,,
10.3389/fphar.2023.1151092,,,
10.3390/foods10061352,,,
10.3389/fnut.2022.981099,,,
10.3389/fphar.2021.734394,,,
10.1016/j.crfs.2022.10.022,,,
10.3390/polym12102186,,,
10.1016/j.ijbiomac.2020.05.009,,,
10.3389/fmicb.2021.696222,,,
10.1002/fsn3.2720,,,
10.3390/polym14081514,,,
10.1002/fsn3.1581,,,
10.1155/2021/3387396,,,
10.1021/acsomega.2c05932,,,
10.1002/2211-5463.13690,,,
10.1002/bab.1892,,,
10.3390/foods11060800,,,
10.1007/s11010-018-3404-y,,,
10.3389/fphar.2022.934710,,,
10.1016/j.fsi.2020.01.037,,,
10.1080/14786419.2022.2134363,,,
10.3892/etm.2020.8720,,,
10.3390/polym12081650,,,
10.3389/fphar.2021.712836,,,
10.3892/etm.2019.7792,,,
10.2174/1389201022666210729122631,,,
10.3390/antiox10060822,,,
10.3390/foods11111641,,,
10.3390/foods11050677,,,
10.3390/foods11060841,,,
10.3389/fmicb.2021.627099,,,
10.1016/j.fct.2007.12.012,,,
10.1080/08820130902729629,,,
10.1073/pnas.94.3.1029,,,
10.1271/bbb.70.1218,,,
10.3389/fphar.2017.00252,,,
10.1017/S0007114516003627,,,
10.3389/fmicb.2015.01432,,,
10.1186/s13065-017-0332-y,,,
10.1016/j.carbpol.2016.05.047,,,
10.1016/j.carbpol.2014.11.035,,,
10.1186/s13065-018-0468-4,,,
10.1155/2017/2170258,,,
10.1186/s13020-018-0205-x,,,
10.1186/s12906-016-1093-1,,,
10.1016/j.carbpol.2013.02.017,,,
10.1016/j.ijbiomac.2018.03.067,,,
10.1016/j.jep.2016.08.034,,,
10.1016/j.carbpol.2017.03.016,,,
10.1016/j.ijbiomac.2016.06.083,,,
10.1371/journal.pone.0114823,,,
10.1016/j.ijbiomac.2018.05.106,,,
10.1016 /j.ijbiomac.2018.05.106,,,
10.1016/j.ijbiomac.2018.05.047,,,
10.1016/j.carbpol.2013.09.037,,,
10.1016/j.ijbiomac.2015.04.044,,,
10.1371/journal.pone.0168472,,,
10.3390/molecules23112898,,,
10.1016/j.carbpol.2012.04.063,,,
10.1039/c4fo00202d,,,
10.1007/s13277-015-3185-9,,,
10.1016/j.carbpol.2016.02.017,,,
10.3390/molecules23102430,,,
10.1016/j.carbpol.2018.11.019,,,
10.1016/j.ijbiomac.2017.03.149,,,
10.1016/j.carbpol.2016.07.084,,,
10.1016/j.carbpol.2015.09.079,,,
10.1016/j.carbpol.2013.03.009,,,
10.1615/IntJMedMushrooms.v18.i9.50,,,
10.1089/jmf.2012.2231,,,
10.1016/j.carbpol.2015.09.070,,,
10.1016/j.ijbiomac.2016.04.060,,,
10.1016/j.ijbiomac.2018.03.124,,,
10.3390/molecules23071706,,,
10.1615/jenvironpatholtoxicoloncol.v31.i3.40,,,
10.1016/j.ijbiomac.2012.06.035,,,
10.1016/j.carbpol.2017.05.014,,,
10.1016/j.ijbiomac.2018.05.101,,,
10.1016 /j.carbpol.2016.06.090,,,
10.1016/j.carbpol.2017.03.022,,,
10.1016/j.ijbiomac.2015.11.038,,,
10.1039/c7fo01921a,,,
10.1111/1750-3841.16406,,,
10.1021/acs.jafc.2c03823,,,
10.1016/j.ijbiomac.2022.05.090,,,
10.1016/j.ijbiomac.2023.124560,,,
10.1016/j.foodres.2022.111074,,,
10.1016/j.carbpol.2022.119718,,,
10.1021/acs.jafc.2c00176,,,
10.1016/j.ijbiomac.2019.06.242,,,
10.1016/j.carbpol.2020.116588,,,
10.1016/j.ijbiomac.2023.125402,,,
10.1016/j.ijbiomac.2020.10.167,,,
10.1016/j.carbpol.2021.118331,,,
10.1080/14786419.2022.2121831,,,
10.1039/d0fo02965c,,,
10.3390/md21050289,,,
10.1016/j.carbpol.2020.117462,,,
10.1016/j.carbpol.2021.118939,,,
10.1055/a-0955-7841,,,
10.1016/j.ijbiomac.2019.08.041,,,
10.1016/j.ijbiomac.2020.12.189,,,
10.1016/j.fct.2021.112100,,,
10.1016/j.ijbiomac.2019.04.209,,,
10.1016/j.jep.2020.112663,,,
10.1039/d1fo03830c,,,
10.1016/j.ijbiomac.2020.06.099,,,
10.1016/j.ijbiomac.2023.123212,,,
10.1016/j.carbpol.2020.116894,,,
10.1016/j.ijbiomac.2020.11.018,,,
10.1039/c9fo00219g,,,
10.1016/j.jep.2019.111961,,,
10.1155/2022/7907814,,,
10.1016/j.ijbiomac.2020.06.020,,,
10.1016/j.carbpol.2019.115104,,,
10.1016/j.ijbiomac.2023.126860,,,
10.1016/j.ijbiomac.2023.127335,,,
10.1002/pca.2384,,,
10.1007/s10719-016-9669-z,,,
10.1111/1750-3841.13919,,,
10.1093/glycob/cwu063,,,
10.1186/1472-6882-13-267,,,
10.1016/j.biortech.2018.08.034,,,
10.1016/j.ijbiomac.2015.09.001,,,
10.1016/j.ijbiomac.2017.06.042,,,
10.1016/j.carbpol.2015.02.042,,,
10.3109/09637486.2011.637903,,,
10.1016/j.ijbiomac.2013.08.008,,,
10.1016/j.jpba.2016.12.031,,,
10.1002/jssc.201200874,,,
10.1016/j.ijbiomac.2018.02.008,,,
10.1016/j.ijbiomac.2018.11.067,,,
10.1016/j.carbpol.2016.03.038,,,
10.1016/j.lfs.2015.11.013,,,
10.1016/j.ijbiomac.2018.07.057,,,
10.1016/j.ijbiomac.2017.04.031,,,
10.1016/j.carbpol.2014.07.071,,,
10.1016/j.foodchem.2017.01.072,,,
10.1016/j.ijbiomac.2018.05.033,,,
10.1007/s12010-018-2750-2,,,
10.1016/j.ijbiomac.2013.08.046,,,
10.1016/j.ijbiomac.2017.07.148,,,
10.1016/j.carbpol.2017.09.041,,,
10.1016/j.carbpol.2013.05.028,,,
10.1016/j.foodchem.2018.01.159,,,
10.1016/j.carres.2016.08.006,,,
10.1016/j.ijbiomac.2016.11.031,,,
10.1016/j.ijbiomac.2018.05.225,,,
10.1016/j.ijbiomac.2018.11.248,,,
10.1016/j.ijbiomac.2017.09.049,,,
10.1016/j.ijbiomac.2017.07.151,,,
10.1016/j.ijbiomac.2017.01.123,,,
10.1016/j.carbpol.2017.11.058,,,
10.1016/j.ijbiomac.2015.04.026,,,
10.1016/j.ijbiomac.2017.09.112,,,
10.1016/j.carbpol.2013.08.037,,,
10.1016/j.carbpol.2018.02.009,,,
10.1016/j.ijbiomac.2018.04.054,,,
10.1016/j.foodchem.2017.10.080,,,
10.1016/j.carbpol.2013.04.063,,,
10.1016/j.foodchem.2017.10.071,,,
10.1016/j.foodchem.2018.01.145,,,
10.1016/j.carbpol.2015.03.088,,,
10.1016/j.foodchem.2014.02.171,,,
10.1111/lam.12521,,,
10.1016/j.carbpol.2015.10.088,,,
10.1016/j.ijbiomac.2016.01.085,,,
10.3390/molecules17067103,,,
10.1038/s41598-018-21375-0,,,
10.1016/j.ijbiomac.2016.10.092,,,
10.1016/j.ijbiomac.2018.10.054,,,
10.1016/j.carbpol.2013.03.036,,,
10.1016/j.ijbiomac.2017.10.014,,,
10.1016/j.ijbiomac.2015.12,,,
10.1016/j.ijbiomac.2022.09.168,,,
10.1016/j.ijbiomac.2022.12,,,
10.1016/j.foodres.2020.109859,,,
10.1016/j.ijbiomac.2022.03.132,,,
10.1016/j.carbpol.2020.117190,,,
10.1016/j.ijbiomac.2022.07.153,,,
10.1016/j.ijbiomac.2022.07.098,,,
10.1016/j.ijbiomac.2021.08.193,,,
10.3390/molecules24071218,,,
10.1128/jb.82.5.714-723.1961,,,
10.1128/jb.123.2.456-462.1975,,,
10.1128/jb.88.2.329-338.1964,,,
10.1016/s0934-8840(11)80031-9,,,
10.1128/iai.9.2.318-322.1974,,,
10.1159/000231533,,,
10.1128/am.11.3.211-215.1963,,,
10.1042/bj1230407,,,
10.1128/iai.14.2.376-382.1976,,,
10.1042/bj1210791,,,
10.1139/o76-001,,,
10.1128/jb.155.2.498-504.1983,,,
10.1139/o81-073,,,
10.1128/iai.57.4.1089-1094.1989,,,
10.1016/0304-4165(68)90186-4,,,
10.1084/jem.143.2.258,,,
10.1111/j.1699-0463.1982.tb00120.x,,,
10.1128/iai.37.1.10-14.1982,,,
unfound,,,
10.1128/iai.9.5.881-890.1974,,,
10.1128/am.30.6.1017-1033.1975,,,
10.1128/jb.174.10.3348-3354.1992,,,
10.1128/iai.41.2.527-534.1983,,,
10.1073/pnas.74.11.5065,,,
10.1042/bj1160027,,,
10.1042/bj1030367,,,
10.1016/s0300-9084(75)80045-9,,,
10.1620/tjem.132.11,,,
10.1139/m71-221,,,
10.1093/infdis/135.2.224,,,
10.1021/bp00016a009,,,
10.1093/oxfordjournals.jbchem.a131989,,,
10.1016/0008-6215(89)80001-1,,,
10.1128/iai.56.8.2028-2035.1988,,,
10.1139/o92-097,,,
10.1128/jb.120.1.24-30.1974,,,
10.1002/jobm.3630170508,,,
10.1128/aem.51.6.1304-1308.1986,,,
10.1042/bj1090883,,,
10.1042/bj1060355,,,
10.1016/0014-4894(91)90144-l,,,
10.1016/0005-2736(76)90321-7,,,
10.1016/0003-2697(86)90118-1,,,
10.1128/jb.121.2.675-681.1975,,,
10.1016/0304-4165(75)90220-2,,,
10.1128/jb.120.2.672-678.1974,,,
10.1007/BF01320248,,,
10.1007/BF00446463,,,
10.1111/j.1365-2141.1984.tb01271.x,,,
10.1042/bj1770009,,,
10.1016/0014-5793(91)80154-u,,,
10.1002/yea.320070707,,,
10.1016/0003-9969(91)90115-b,,,
10.1139/m92-040,,,
10.1210/endo-118-4-1614,,,
10.1128/jb.171.9.4543-4548.1989,,,
10.1095/biolreprod40.2.307,,,
10.1002/art.1780220308,,,
10.1042/bj1230883,,,
10.1016/s0300-9084(76)80311-2,,,
10.1016/0005-2795(81)90193-8,,,
10.1093/oxfordjournals.jbchem.a122544,,,
10.1128/iai.16.2.690-700.1977,,,
10.1007/BF00227750,,,
10.1016/0006-291x(85)91278-1,,,
10.1128/jb.164.3.1057-1063.1985,,,
10.1084/jem.134.3.565,,,
10.1288/00005537-199202000-00009,,,
10.1128/jb.172.4.1703-1710.1990,,,
10.1128/iai.50.1.262-270.1985,,,
10.1128/JVI.26.2.457-467.1978,,,
10.1042/bj1840113,,,
10.1021/bi00691a019,,,
10.1042/bj1950139,,,
10.3390/molecules15085818,,,
10.3109/13880200903305518,,,
10.1007/s00709-008-0299-6,,,
10.1016/j.bbagen.2009.07.013,,,
10.1016/j.ijbiomac.2010.07.008,,,
10.1021/jf060442f,,,
10.1016/j.ijbiomac.2005.07.005,,,
10.3390/molecules15085093,,,
10.1111/j.1750-3841.2011.02063.x,,,
10.1016/j.intimp.2009.12.011,,,
10.1016/j.biortech.2011.02.033,,,
10.1248/bpb.22.966,,,
10.1248/bpb.20.118,,,
10.1021/jf000029m,,,
10.1016/0008-6215(96)00021-3,,,
10.1016/j.carres.2004.12.032,,,
10.1016/j.jep.2009.04.010,,,
10.1016/j.jep.2011.11.049,,,
10.1016/j.ijbiomac.2017.01.085,,,
10.1016/j.ijbiomac.2015.09.027,,,
10.1016/j.carbpol.2015.07.013,,,
10.1016 /j.ijbiomac.2018.10.077,,,
10.3390/molecules19010022,,,
10.1007/s13277-013-1243-8,,,
10.1016/j.ijbiomac.2018.09.134,,,
10.1016/j.carres.2013.12.020,,,
10.1016/j.carbpol.2013.04.057,,,
10.1016/j.carbpol.2016.04.090,,,
10.1016/j.ijbiomac.2014.10.062,,,
10.1016/j.ijbiomac.2018.09.171,,,
10.1016/j.ijbiomac.2015.06.033,,,
10.1016 /j.ijbiomac.2017.12.096,,,
10.19540/j.cnki.cjcmm.20170316.002,,,
10.1039/c5fo00855g,,,
10.1111 /1750-3841.13619,,,
10.1016/j.ijbiomac.2017.04.037,,,
10.1016/j.ijbiomac.2020.10.128,,,
10.1016/j.micres.2023.127432,,,
10.1016/j.foodchem.2021.130138,,,
10.1016/j.jep.2016.06.054,,,
10.4014/jmb.2103.03055,,,
10.3390/foods11182801,,,
10.1016/j.ijbiomac.2019.05.157,,,
10.1016/j.ijbiomac.2020.07.201,,,
10.1039/d1fo01050f,,,
10.1021/acs.jafc.5b05571,,,
10.1016/j.ijbiomac.2018.09.023,,,
10.1016/j.carbpol.2016.04.106,,,
10.1016/j.carbpol.2016.02.051,,,
10.1016/j.carbpol.2013.09.085,,,
10.4014/jmb.0910.10022,,,
10.1186/s12906-015-0630-7,,,
10.1371/journal.pone.0208611,,,
10.1016/j.jep.2023.116351,,,
10.1016/j.jep.2022.115446,,,
10.1016/j.ijbiomac.2021.03.144,,,
10.1016/j.ijbiomac.2019.05.028,,,
10.1016/j.foodres.2023.112588,,,
10.1039/d2fo01762h,,,
10.1002/mnfr.202001133,,,
10.1016/j.ijbiomac.2017.07.079,,,
10.3390/molecules24152698,,,
10.1016/j.phymed.2023.154879,,,
10.3389/fimmu.2021.668217,,,
10.3390/nu13113724,,,
10.1016/j.jnutbio.2021.108925,,,
10.1002/cbdv.202000367,,,
10.1055/s-0043-125066,,,
10.1615/IntJMedMushrooms.2020036351,,,
10.3168/jds.2018-15627,,,
10.1016/j.phrs.2020.105191,,,
10.1016/j.bbrc.2018.04.162,,,
10.1016/j.ijbiomac.2020.06.055,,,
10.17306/J.AFS.0557,,,
10.1016/j.cbi.2017.12.007,,,
10.1016/j.carbpol.2017.01.092,,,
10.1016/j.fct.2017.01.007,,,
10.1016/j.jep.2024.118064,,,
10.1039/c7fo01489a,,,
10.1016/j.phymed.2018.11.021,,,
10.1016/j.ijbiomac.2024.129686,,,
10.1002/mnfr.202300476,,,
10.1039/d0fo00012d,,,
10.1016/j.fct.2019.110562,,,
10.1016/j.biopha.2017.01.054,,,
10.1039/d3fo03041e,,,
10.3390/ijms232012405,,,
10.1111/jfbc.14280,,,
10.1039/c8fo02525h,,,
10.1039/c8fo01117f,,,
10.3746/pnf.2023.28.3.321,,,
10.3390/separations11010003,,,
10.1007/s10600-012-0336-8,,,
10.1111/j.1365-2621.2011.02846.x,,,
10.1080/19476337.2010.523901,,,
10.3390/ijms131114262,,,
10.1016/j.ijbiomac.2011.11.016,,,
10.1016/j.carbpol.2009.12.042,,,
10.1016/j.ijbiomac.2010.05.019,,,
10.1016/j.foodchem.2009.09.055,,,
10.1016/j.ijbiomac.2012.05.029,,,
10.1016/j.ijbiomac.2010.06.010,,,
10.1016/j.foodchem.2012.02.018,,,
10.1016/j.ijbiomac.2010.01.016,,,
10.1016/j.lwt.2012.04.002,,,
10.1002/jsfa.4436,,,
10.1134/s0036024412070321,,,
10.1016/j.ijbiomac.2010.12.005,,,
10.1016/j.foodchem.2010.12.143,,,
10.1016/j.ijbiomac.2011.08.026,,,
10.1016/j.ijbiomac.2012.04.006,,,
10.1016/j.jff.2011.12.006,,,
10.1016/j.foodchem.2011.09.060,,,
10.1016/j.ijbiomac.2010.08.016,,,
10.1016/j.ifset.2011.03.003,,,
10.1007/s10295-010-0772-z,,,
10.1016/j.lwt.2012.03.016,,,
10.1007/s10068-010-0209-5,,,
10.1016/j.carbpol.2011.06.083,,,
10.1021/jf1043647,,,
10.1016/j.ijbiomac.2010.07.007,,,
Boual Z， Kemassi A， Khelil A O E H， et al. 从奥内萨哈利亚药用植物中提取的水溶性多糖的部分表征和水解过程：Malvaaegyptiaca L[J].国际生物科学、生物化学与生物信息学杂志， 2012， 2（2）： 100.,,,
10.1016/j.carbpol.2010.12.005,,,
10.1016/j.carbpol.2009.10.063,,,
10.1016/j.ijbiomac.2012.05.025,,,
10.1016/j.ijbiomac.2012.07.006,,,
10.3923/jp.2011.58.65,,,
10.1002/cbdv.201000233,,,
10.1016/j.nut.2011.05.009,,,
10.1016/j.carbpol.2012.02.046,,,
10.1016/j.carbpol.2011.11.083,,,
10.1016/j.carbpol.2012.05.039,,,
10.1016/j.carbpol.2010.09.022,,,
10.1016/j.carbpol.2010.08.056,,,
10.1007/s10600-011-9839-y,,,
10.1007/s10811-011-9745-5,,,
10.1016/j.carres.2011.01.011,,,
10.1007/s10600-011-9925-1,,,
10.1016/j.jfca.2012.02.004,,,
10.1111/j.1750-3841.2009.01466.x,,,
10.1007/s10068-010-0073-3,,,
10.1016/j.ijbiomac.2012.03.019,,,
10.1002/jsfa.4342,,,
10.1007/s10337-012-2197-5,,,
10.1016/j.carbpol.2012.05.074,,,
10.1021/jf101061y,,,
10.1016/j.carbpol.2012.05.011,,,
10.1016/j.ijbiomac.2011.10.027,,,
10.1007/s10600-012-0116-5,,,
10.1186/1475-2859-11-149,,,
10.1016/j.carbpol.2011.10.014,,,
10.4236/cm.2010.13013,,,
10.1016/j.carbpol.2010.12.058,,,
10.1007/s11802-010-0193-7,,,
10.1002/jsfa.4050,,,
10.1016/j.foodchem.2012.02.129,,,
10.1093/ecam/neq041,,,
10.1016/j.foodchem.2009.08.050,,,
10.1016/j.carbpol.2009.12.029,,,
10.1016/j.ijbiomac.2010.01.008,,,
10.1016/j.carbpol.2010.05.042,,,
10.1016/j.foodchem.2011.01.083,,,
10.1016/j.carbpol.2012.06.058,,,
10.1016/j.ultsonch.2012.03.008,,,
10.1016/j.desal.2011.11.053,,,
10.1002/mrc.3836,,,
10.1007/s11418-011-0620-0,,,
10.1016/j.foodhyd.2011.15,,,
10.1016/j.ijbiomac.2011.09.013,,,
10.3791/1837,,,
10.1016/j.carbpol.2010.01.024,,,
10.1016/j.intimp.2010.11.033,,,
10.1016/j.foodres.2011.11.027,,,
10.1016/j.carbpol.2011.06.009,,,
10.1016/j.carbpol.2012.03.016,,,
10.1016/j.carbpol.2012.02.026,,,
10.1016/j.fct.2011.10.047,,,
无特定doi,,,
10.1186/2191-2858-2-33,,,
10.1016/j.carbpol.2010.11.030,,,
10.1016/j.carbpol.2010.04.031,,,
10.1016/j.carbpol.2010.07.045,,,
10.1016/j.intimp.2011.08.014,,,
10.5897/JMPR09.438,,,
10.1016/j.thromres.2010.11.031,,,
10.1016/j.jep.2011.05.042,,,
10.1016/j.carbpol.2010.03.021,,,
10.1016/j.carbpol.2011.02.038,,,
10.1016/j.ijbiomac.2009.11.005,,,
10.1002/jsfa.4743,,,
10.1016/j.ijbiomac.2009.12.004,,,
10.1016/j.jbiosc.2009.12.010,,,
10.3390/ijms12053352,,,
10.1016/j.foodchem.2012.03.127,,,
10.1016/j.ijbiomac.2012.06.040,,,
10.1016/j.carbpol.2012.06.024,,,
10.1111/j.1365-3059.2010.02300.x,,,
10.1016/j.foodhyd.2011.09.007,,,
10.1016/j.ijbiomac.2012.09.002,,,
10.1016/j.carbpol.2010.12.044,,,
10.4081/jlimnol.2012.e5,,,
10.1021/ac902664x,,,
10.1016/j.chroma.2011.12.017,,,
10.1016/j.jff.2012.05.006,,,
10.1186/1752-153X-6-117,,,
10.15376/biores.7.3.4085-4097,,,
10.1016/j.carbpol.2011.05.034,,,
10.1016/j.carbpol.2011.10.067,,,
10.1002/bmc.1564,,,
10.1177/1934578X1000500322,,,
10.1016/j.carbpol.2012.02.055,,,
10.1016/j.chroma.2012.10.034,,,
10.1021/jf902952z,,,
10.1016/j.carbpol.2011.06.025,,,
10.1016/j.carbpol.2010.04.002,,,
10.3390/molecules15042152,,,
10.3390/molecules16097762,,,
10.1016/j.carbpol.2011.03.023,,,
10.1016/j.foodchem.2009.04.128,,,
https://doi.org/10.1016/j.ijms.2018.12.009,,,
https://doi.org/10.1016/j.carbpol.2020.116338,,,
https://doi.org/10.1016/j.carbpol.2019.115046,,,
https://doi.org/10.1016/j.foodhyd.2019.105524,,,
https://doi.org/10.3390/molecules24142526,,,
https://doi.org/10.3390/molecules25132982,,,
https://doi.org/10.1016/bs.pmbts.2019.03.003,,,
10.13652/j.issn.1003-5788.2018.08.014,,,
https://doi.org/10.1016/j.ijbiomac.2019.11.183,,,
https://doi.org/10.1016/j.ijbiomac.2019.03.180,,,
https://doi.org/10.1016/j.carbpol.2019.115407,,,
https://doi.org/10.1016/j.ijbiomac.2018.06.148,,,
https://doi.org/10.1016/j.ijbiomac.2018.02.084,,,
https://doi.org/10.1016/j.carbpol.2020.115836,,,
https://doi.org/10.1016/j.ijbiomac.2018.08.143,,,
https://doi.org/10.1016/j.ijbiomac.2019.02.074,,,
https://doi.org/10.1016/j.ijbiomac.2020.02.015,,,
https://doi.org/10.1016/j.ijbiomac.2018.04.188,,,
https://doi.org/10.1016/j.ijbiomac.2018.01.057,,,
https://doi.org/10.1016/j.indcrop.2020.112588,,,
https://doi.org/10.1016/j.ijbiomac.2018.01.088,,,
https://doi.org/10.1016/j.ijbiomac.2019.01.168,,,
https://doi.org/10.1016/j.ijbiomac.2019.07.167,,,
https://doi.org/10.1016/j.lwt.2018.04.059,,,
https://doi.org/10.1016/j.indcrop.2019.03.009,,,
https://doi.org/10.1016/j.ijbiomac.2018.11.103,,,
https://doi.org/10.1016/j.ijbiomac.2018.11.067,,,
https://doi.org/10.1016/j.carbpol.2019.115355,,,
https://doi.org/10.1016/j.ijbiomac.2017.09.112,,,
https://doi.org/10.1016/j.carbpol.2020.115939,,,
10.1155/2018/2121385,,,
https://doi.org/10.1016/j.ijbiomac.2020.04.133,,,
https://doi.org/10.1039/C8FO02190B,,,
https://doi.org/10.1016/j.carbpol.2018.01.022,,,
https://doi.org/10.1016/j.foodchem.2017.09.051,,,
https://doi.org/10.1016/j.indcrop.2018.04.063,,,
https://doi.org/10.1016/j.ijbiomac.2019.08.043,,,
https://doi.org/10.1016/j.algal.2018.03.017,,,
https://doi.org/10.1016/j.ijbiomac.2019.03.038,,,
https://doi.org/10.1111/1750-3841.14449,,,
https://doi.org/10.3390/molecules24234400,,,
https://doi.org/10.1016/j.carbpol.2018.06.073,,,
https://doi.org/10.1016/j.foodres.2017.10.058,,,
https://doi.org/10.1016/j.ijbiomac.2019.04.087,,,
https://doi.org/10.1016/j.ijbiomac.2018.01.087,,,
https://doi.org/10.3390/molecules24173122,,,
https://doi.org/10.1016/j.ijbiomac.2018.10.096,,,
https://doi.org/10.1080/10942912.2020.1770787,,,
https://doi.org/10.1016/j.biortech.2020.124268,,,
https://doi.org/10.1016/j.ijbiomac.2019.08.250,,,
https://doi.org/10.1016/j.ijbiomac.2018.11.077,,,
https://doi.org/10.1016/j.carbpol.2018.06.111,,,
https://doi.org/10.1016/j.ijbiomac.2019.11.212,,,
https://doi.org/10.1016/j.ijbiomac.2019.11.078,,,
https://doi.org/10.1002/jsfa.10613,,,
https://doi.org/10.1016/j.ijbiomac.2018.08.160,,,
https://doi.org/10.1016/j.carbpol.2018.06.098,,,
https://doi.org/10.1016/j.foodchem.2020.126371,,,
https://doi.org/10.1016/j.ijbiomac.2020.09.213,,,
https://doi.org/10.1016/j.carbpol.2020.116409,,,
https://doi.org/10.1016/j.ijbiomac.2018.09.197,,,
https://doi.org/10.3390/molecules23071706,,,
https://doi.org/10.1016/j.ijbiomac.2020.06.241,,,
https://doi.org/10.1016/j.ijbiomac.2018.10.055,,,
https://doi.org/10.1016/j.microc.2020.105352,,,
https://doi.org/10.1016/j.ijbiomac.2019.05.203,,,
https://doi.org/10.1111/jfbc.13516,,,
https://doi.org/10.1016/j.foodhyd.2019.06.002,,,
https://doi.org/10.1016/j.ijbiomac.2018.01.196,,,
https://doi.org/10.1016/j.tifs.2018.02.010,,,
https://doi.org/10.3390/molecules23081948,,,
https://doi.org/10.1016/j.ijbiomac.2020.06.139,,,
https://doi.org/10.1016/j.ijbiomac.2020.05.129,,,
https://doi.org/10.1016/j.fct.2019.110944,,,
https://doi.org/10.1111/ijfs.14408,,,
https://doi.org/10.1111/jfbc.13248,,,
https://doi.org/10.1016/j.ijbiomac.2018.01.086,,,
https://doi.org/10.1016/j.jpba.2019.112898,,,
https://doi.org/10.3390/molecules25061351,,,
https://doi.org/10.1016/j.ijbiomac.2018.09.134,,,
https://doi.org/10.1016/j.ijbiomac.2019.12.157,,,
https://doi.org/10.1016/j.ijbiomac.2018.04.177,,,
https://doi.org/10.1016/j.procbio.2019.05.020,,,
https://doi.org/10.1016/j.ijbiomac.2020.10.123,,,
https://doi.org/10.1016/j.ijbiomac.2017.10.139,,,
https://doi.org/10.1016/j.procbio.2020.04.010,,,
https://doi.org/10.1002/cbdv.201800070,,,
https://doi.org/10.1016/j.procbio.2019.03.027,,,
https://doi.org/10.1016/j.jep.2020.113045,,,
https://doi.org/10.1016/j.jff.2019.103706,,,
https://doi.org/10.3390/molecules24081605,,,
https://doi.org/10.1016/j.tifs.2020.02.015,,,
https://doi.org/10.1016/j.ijbiomac.2020.02.222,,,
https://doi.org/10.1016/j.carbpol.2017.12.083,,,
https://doi.org/10.1016/j.ijbiomac.2018.10.126,,,
https://doi.org/10.1002/pep2.24124,,,
https://doi.org/10.1016/j.ijbiomac.2019.11.056,,,
https://doi.org/10.1016/j.ijbiomac.2017.11.059,,,
https://doi.org/10.1016/j.carbpol.2018.06.066,,,
https://doi.org/10.1016/j.foodchem.2017.09.107,,,
https://doi.org/10.1016/j.carbpol.2017.11.061,,,
https://doi.org/10.1016/j.ijbiomac.2018.10.110,,,
https://doi.org/10.1111/jfbc.12965,,,
https://doi.org/10.1016/j.ijbiomac.2019.03.138,,,
https://doi.org/10.1016/j.ijbiomac.2019.04.209,,,
https://doi.org/10.1016/j.ijbiomac.2018.11.069,,,
https://doi.org/10.3390/md16090301,,,
https://doi.org/10.3390/molecules25173835,,,
https://doi.org/10.1016/j.foodchem.2020.127257,,,
https://doi.org/10.1016/j.foodhyd.2019.04.046,,,
https://doi.org/10.1016/j.ijbiomac.2020.06.207,,,
https://doi.org/10.1016/j.ijbiomac.2017.12.120,,,
https://doi.org/10.1155/2018/6285134,,,
https://doi.org/10.1016/j.ijbiomac.2019.03.210,,,
https://doi.org/10.3390/molecules23123261,,,
https://doi.org/10.1016/j.procbio.2018.07.016,,,
https://doi.org/10.1016/j.procbio.2019.11.003,,,
https://doi.org/10.1002/advs.201700513,,,
https://doi.org/10.1016/j.ijbiomac.2017.12.042,,,
https://doi.org/10.1016/j.ijbiomac.2018.06.117,,,
https://doi.org/10.1016/j.ijbiomac.2019.03.154,,,
https://doi.org/10.1016/j.ijbiomac.2019.11.022,,,
https://doi.org/10.1016/j.ijbiomac.2020.06.098,,,
https://doi.org/10.1016/j.ijbiomac.2019.08.069,,,
https://doi.org/10.1016/j.ijbiomac.2019.12.107,,,
https://doi.org/10.3390/molecules24132436,,,
https://doi.org/10.1016/j.jff.2018.12.005,,,
https://doi.org/10.1016/j.ijbiomac.2019.06.116,,,
https://doi.org/10.1016/j.bbrc.2019.07.019,,,
https://doi.org/10.1515/pjfns-2018-0007,,,
https://doi.org/10.1016/j.ijbiomac.2019.08.048,,,
https://doi.org/10.3390/app9010122,,,
https://doi.org/10.1016/j.ijbiomac.2019.06.191,,,
https://doi.org/10.1016/j.ijbiomac.2020.03.183,,,
https://doi.org/10.1016/j.ijbiomac.2020.05.226,,,
https://doi.org/10.3390/molecules23020281,,,
https://doi.org/10.1016/j.ijbiomac.2018.02.008,,,
https://doi.org/10.3389/fmicb.2018.01034,,,
https://doi.org/10.1016/j.ultsonch.2018.08.005,,,
https://doi.org/10.1016/j.ijbiomac.2018.11.170,,,
https://doi.org/10.3390/molecules23102430,,,
https://doi.org/10.1016/j.jff.2017.12.067,,,
https://doi.org/10.1016/j.ijbiomac.2020.02.194,,,
https://doi.org/10.1016/j.foodchem.2018.01.011,,,
https://doi.org/10.1111/ijfs.14430,,,
https://doi.org/10.1016/j.ijbiomac.2020.01.111,,,
https://doi.org/10.1016/j.ijbiomac.2017.08.008,,,
https://doi.org/10.1016/j.ijbiomac.2020.06.174,,,
https://doi.org/10.3390/biom10010159,,,
https://doi.org/10.1016/j.jff.2018.01.025,,,
https://doi.org/10.1016/j.ijbiomac.2018.09.052,,,
https://doi.org/10.1016/j.jchromb.2018.09.010,,,
https://doi.org/10.1016/j.foodhyd.2020.105874,,,
https://doi.org/10.1016/j.ijbiomac.2020.03.169,,,
https://doi.org/10.1016/j.tifs.2020.02.030,,,
https://doi.org/10.1016/j.ijbiomac.2018.08.023,,,
https://doi.org/10.1016/S1875-5364(19)30062-7,,,
10.1016/j.carbpol.2015.07.014,,,
10.1016/j.foodchem.2013.09.019,,,
10.1039/C6FO00686H,,,
10.1111/ijfs.12655,,,
10.1016/j.ijbiomac.2015.02.052,,,
10.1016/j.ijbiomac.2014.07.056,,,
10.1039/C5FO01114K,,,
10.3390/ijms17121988,,,
10.1016/j.ijbiomac.2013.12.024,,,
10.1016/j.ijbiomac.2016.05.086,,,
10.3390/md13095993,,,
10.1016/j.foodchem.2015.10.113,,,
10.1016/j.ijbiomac.2014.03.004,,,
10.3390/molecules20045680,,,
10.1016/j.carbpol.2015.04.057,,,
10.1016/j.ijbiomac.2014.11.028,,,
10.1016/j.ijbiomac.2016.05.104,,,
10.1016/j.carbpol.2016.03.071,,,
10.1016/j.foodhyd.2016.02.033,,,
10.1615/IntJMedMushr.v16.i3.50,,,
10.1016/j.ijbiomac.2015.03.030,,,
10.1007/s13197-015-2145-0,,,
10.1016/j.carbpol.2016.02.063,,,
10.1016/j.algal.2016.05.008,,,
10.3390/md14010004,,,
10.1016/j.procbio.2015.04.011,,,
10.1016/j.carbpol.2015.11.051,,,
10.1016/j.carbpol.2015.12.053,,,
10.1016/j.carbpol.2014.06.027,,,
10.1016/j.carbpol.2014.08.059,,,
10.1007/s12010-015-1753-5,,,
10.1016/j.foodchem.2013.08.005,,,
10.1134/S1063074014010106,,,
10.1016/j.ijbiomac.2015.06.007,,,
10.1016/j.carbpol.2015.04.028,,,
10.1016/j.carbpol.2014.04.079,,,
10.1016/j.ijbiomac.2015.03.062,,,
10.1016/j.ijbiomac.2015.06.031,,,
10.1016/j.carbpol.2015.07.022,,,
10.1016/j.ijbiomac.2014.03.025,,,
10.1016/j.carbpol.2013.07.088,,,
10.1016/j.carbpol.2014.09.059,,,
10.3390/molecules20034162,,,
10.1016/j.carbpol.2015.08.062,,,
10.1016/j.carbpol.2016.06.090,,,
10.1016/j.ijbiomac.2015.06.055,,,
10.1016/j.ijbiomac.2015.11.059,,,
10.1016/j.ijbiomac.2014.01.070,,,
10.1016/j.carbpol.2015.06.045,,,
10.1016/j.carbpol.2014.05.077,,,
10.3390/ijms16036391,,,
10.2478/s11696-013-0430-9,,,
10.1016/j.carbpol.2013.09.082,,,
10.1016/j.ijbiomac.2014.09.057,,,
10.1016/j.jtcme.2014.13,,,
10.1155/2015/462864,,,
10.1016/j.carbpol.2013.07.091,,,
10.1016/j.carbpol.2014.07.045,,,
10.1016/j.foodchem.2014.05.129,,,
10.1039/C3FO60326A,,,
10.1016/j.indcrop.2015.09.012,,,
10.1016/j.jff.2013.11.021,,,
10.1016/j.ijbiomac.2015.01.061,,,
10.1016/j.jep.2014.06.017,,,
10.1016/j.carbpol.2014.09.070,,,
10.1016/j.lwt.2014.14,,,
10.1016/j.ijbiomac.2014.01.032,,,
10.4103/0973-1296.126664,,,
10.1016/j.carbpol.2015.03.041,,,
10.12691/jfnr-3-8-1,,,
10.1016/j.carbpol.2014.04.074,,,
10.1016/j.ijbiomac.2015.05.016,,,
10.1016/j.procbio.2014.12.021,,,
10.1016/j.ijbiomac.2014.01.043,,,
10.3390/molecules201119734,,,
10.1039/C3FO60640F,,,
10.1007/s12161-015-0096-8,,,
10.1039/C5FO00249D,,,
10.1016/j.ijbiomac.2014.12.021,,,
10.1016/j.carbpol.2015.03.047,,,
10.3390/molecules19043909,,,
10.1016/j.foodhyd.2013.08.001,,,
10.1016/j.ijbiomac.2014.08.015,,,
10.1007/s11103-015-0316-z,,,
10.1016/j.ijbiomac.2015.05.024,,,
10.3390/ijms150711446,,,
10.1016/j.intimp.2014.05.015,,,
10.1016/j.intimp.2014.05.016,,,
10.1016/j.intimp.2014.05.017,,,
10.1016/j.intimp.2014.05.018,,,
10.1016/j.intimp.2014.05.019,,,
10.1016/j.intimp.2014.05.020,,,
10.1016/j.intimp.2014.05.021,,,
10.1016/j.intimp.2014.05.022,,,
10.1016/j.intimp.2014.05.023,,,
10.1111/ijfs.12687,,,
10.1016/j.carbpol.2015.06.006,,,
10.1016/j.ijbiomac.2014.05.064,,,
10.1016/j.biortech.2015.06.030,,,
10.1371/journal.pone.0103880,,,
10.1111/jfbc.12102,,,
10.1016/j.carbpol.2015.01.041,,,
10.1016/j.foodchem.2015.01.127,,,
10.1016/j.carbpol.2013.10.019,,,
10.1016/j.foodchem.2014.08.024,,,
10.1016/j.carbpol.2015.02.026,,,
10.3390/molecules190812760,,,
10.1016/j.indcrop.2015.03.006,,,
10.1016/j.carbpol.2013.10.037,,,
10.1007/s00216-014-8060-9,,,
10.1016/j.sbi.2014.07.013,,,
10.1002/jssc.202001140,,,
10.1002/pca.3024,,,
10.1016/j.foodchem.2021.129669,,,
10.1016/j.jfca.2020.103732,,,
10.1111/j.1365-2389.1980.tb02097.x,,,
10.1016/j.ijbiomac.2019.08.017,,,
10.2174/1573412913666170330150807,,,
10.1016/j.fbio.2020.100564,,,
10.1016/j.tifs.2020.02.030,,,
10.1016/j.ijbiomac.2020.05.196,,,
10.1111/ijfs.15308,,,
10.1111/jfbc.13564,,,
10.1016/j.foodhyd.2021.106641,,,
10.1016/j.cclet.2020.10.013,,,
10.1016/j.foodres.2021.110675,,,
10.1016/j.ijbiomac.2021.05.012,,,
10.1080/19490976.2020.1869502,,,
10.1080/10408398.2018.1512472,,,
10.1016/j.ijbiomac.2020.02.315,,,
10.1016/j.carbpol.2019.115381,,,
10.1016/j.carbpol.2019.115383,,,
10.1016/j.fshw.2021.04.001,,,
10.3390/ijms21207774,,,
10.1016/j.cbpa.2020.01.015,,,
10.1016/j.biortech.2019.122613,,,
10.1016/j.carbpol.2021.118526,,,
10.5897/AJBR2019.1070,,,
10.1016/j.carbpol.2021.117876,,,
10.1016/j.carbpol.2020.116613,,,
10.1016/j.carbpol.2021.118134,,,
10.1016/j.algal.2021.102477,,,
10.1016/j.jics.2021.100066,,,
10.3390/md18030168,,,
10.1016/j.chroma.2020.461726,,,
10.1016/j.tifs.2021.01.026,,,
10.1016/j.foodres.2020.109376,,,
10.1016/j.ijbiomac.2020.12.124,,,
10.1177/20587384211000541,,,
10.3390/md19080425,,,
10.1093/advances/nmz118,,,
10.3390/molecules25235755,,,
10.1080/07388551.2021.1888069,,,
10.1016/j.ijbiomac.2021.01.022,,,
10.1016/j.ijbiomac.2020.01.163,,,
10.1016/j.ijbiomac.2021.01.139,,,
10.1016/j.foodres.2020.109345,,,
10.1016/j.ijbiomac.2020.09.068,,,
10.1016/j.foodhyd.2020.105851,,,
10.1016/j.carbpol.2019.115680,,,
10.1016/j.ijbiomac.2020.04.134,,,
10.1111/jfbc.13482,,,
10.3389/fphar.202349,,,
10.1016/j.foodchem.2021.129419,,,
10.1016/j.fct.2021.112246,,,
10.1016/j.ijbiomac.2020.08.072,,,
10.1016/j.fbio.2021.101145,,,
10.1111/1750-3841.15806,,,
10.1016/j.ijbiomac.2020.08.141,,,
10.1016/j.bmcl.2020.127719,,,
10.1111/jfbc.13092,,,
10.1016/j.indcrop.2021.113547,,,
10.1016/j.fshw.2021.04.015,,,
10.1016/j.ijbiomac.2019.11.025,,,
10.1155/2020/5431350,,,
10.1016/j.ijbiomac.2020.01.006,,,
10.1016/j.jff.2020.104143,,,
10.1016/j.carbpol.2020.116230,,,
10.1016/j.ijbiomac.2020.08.156,,,
10.1016/j.ijbiomac.2019.11.170,,,
10.1016/j.carbpol.2021.118097,,,
10.3390/microorganisms9081551,,,
10.1016/j.foodchem.2020.126266,,,
10.1016/j.ijbiomac.2020.09.118,,,
10.1016/j.ijbiomac.2019.10.073,,,
10.1016/j.ijbiomac.2021.06.114,,,
10.1016/j.jfca.2021.104067,,,
10.1016/j.ijbiomac.2020.02.252,,,
10.1016/j.jcs.2020.103157,,,
10.1155/2020/2043785,,,
10.3390/antiox9010059,,,
10.1002/jsfa.11261,,,
10.1080/2314808X.2020.1773126,,,
10.1016/j.ijbiomac.2019.11.021,,,
10.3390/molecules25061269,,,
10.1080/22311866.2020.1767688,,,
10.1016/j.fbio.2021.100903,,,
10.1016/j.lwt.2021.111469,,,
10.1016/j.ijbiomac.2020.03.137,,,
10.1016/j.ijbiomac.2020.03.098,,,
10.1016/j.ijbiomac.2020.01.047,,,
10.1016/j.ijbiomac.2021.07.075,,,
10.1016/j.fshw.2021.04.009,,,
10.1016/j.procbio.2021.04.016,,,
10.1016/j.carbpol.2021.118212,,,
10.1016/j.carbpol.2021.118213,,,
10.1016/j.carbpol.2021.118214,,,
10.1016/j.carbpol.2021.118215,,,
10.1016/j.ijbiomac.2020.01.294,,,
10.1016/j.bcdf.2021.100277,,,
10.1016/j.carbpol.2021.117925,,,
10.1016/j.biopha.2020.109910,,,
10.1016/j.carbpol.2020.117041,,,
10.1002/cbdv.202000614,,,
10.1016/j.ijbiomac.2021.05.067,,,
10.1016/j.lwt.2020.109411,,,
10.1016/j.ijbiomac.2020.11.004,,,
10.1016/j.sajb.2021.06.026,,,
10.1016/j.procbio.2020.12.011,,,
10.1016/j.ijbiomac.2020.06.212,,,
10.1016/j.carbpol.2020.117113,,,
10.1016/j.carbpol.2020.115857,,,
10.1016/j.foodhyd.2019.105351,,,
10.1016/j.ijbiomac.2020.09.218,,,
10.1016/j.ijbiomac.2021.04.120,,,
10.1016/j.foodchem.2019.125604,,,
10.1016/j.fbio.2021.101166,,,
10.1016/j.indcrop.2020.112183,,,
10.1016/j.carbpol.2021.118005,,,
10.1016/j.ijbiomac.2020.05.043,,,
10.1016/j.ijbiomac.2020.01.021,,,
10.1016/j.fbio.2021.101153,,,
10.1002/jsfa.10944,,,
10.1016/S0144-8617(00)00328-3,,,
10.1016/j.foodchem.2004.03.001,,,
10.1016/S0308-8146(01)00282-5,,,
10.1111/j.0022-3646.2003.03-006.x,,,
10.1155/2016/6065813,,,
10.3390/molecules23010168,,,
10.1016/j.ijbiomac.2017.07.105,,,
10.1039/c6fo00686h,,,
10.1016/j.ijbiomac.2018.06.148,,,
10.1016/j.ijbiomac.2018.03.156,,,
10.1016/j.ijbiomac.2017.03.019,,,
10.1371/journal.pone.0204152,,,
10.1016/j.lwt.2018.04.059,,,
10.1016/j.foodhyd.2016.10.018,,,
10.1016/j.foodhyd.2015.05.028,,,
10.1016/j.biopha.2017.04.045,,,
10.1007/s00343-018-6330-7,,,
10.1007/s11694-018-9721-8,,,
10.1016/j.indcrop.2018.04.063,,,
10.1016/j.indcrop.2018.08.078,,,
10.1016/j.carbpol.2018.06.073,,,
10.3390/molecules22020287,,,
10.1016/j.ijbiomac.2018.01.087,,,
10.1016/j.ijbiomac.2015.10.075,,,
10.1111/1750-3841.13589,,,
10.1016/j.carbpol.2016.10.066,,,
10.3390/molecules22122271,,,
10.1016/j.jtice.2016.10.017,,,
10.1016/j.carbpol.2016.05.078,,,
10.1016/j.ijbiomac.2016.07.016,,,
10.1371/journal.pone.0171412,,,
10.1016/j.jff.2018.09.035,,,
10.1016/j.ijbiomac.2017.06.049,,,
10.1016/j.lwt.2018.03.023,,,
10.1016/j.ijbiomac.2017.07.031,,,
10.1016/j.carbpol.2016.02.082,,,
10.1002/mnfr.201600433,,,
10.3136/fstr.23.31,,,
10.1016/j.carbpol.2017.06.122,,,
10.1016/j.bcdf.2017.02.001,,,
10.1016/j.foodhyd.2017.05.028,,,
10.1080/21655979.2017.1283459,,,
10.7150/ijbs.18953,,,
10.1016/j.ijbiomac.2016.12.007,,,
10.1016/j.ijbiomac.2016.11.113,,,
10.1016/j.ijbiomac.2016.07.028,,,
10.1080/10408398.2015.1069255,,,
10.1016/j.jff.2017.08.025,,,
10.1016/j.carbpol.2017.05.094,,,
10.1016/j.carbpol.2017.04.034,,,
10.1016/j.ijbiomac.2016.11.051,,,
10.1016/j.carbpol.2015.12.001,,,
10.1016/j.foodchem.2016.06.004,,,
10.1016/j.carbpol.2015.09.036,,,
10.1016/j.foodhyd.2015.12.031,,,
10.1080/10942912.2017.1315594,,,
10.1016/j.ijbiomac.2016.06.100,,,
10.1016/j.carbpol.2016.07.067,,,
10.1016/j.carbpol.2016.04.002,,,
10.3390/molecules21121705,,,
10.1016/j.carbpol.2015.11.016,,,
10.1016/j.carbpol.2017.08.018,,,
10.1016/j.ijbiomac.2016.10.102,,,
10.1016/j.carbpol.2016.06.058,,,
10.1016/j.foodchem.2015.10.122,,,
10.1016/j.carbpol.2017.07.041,,,
10.1016/j.ijbiomac.2017.07.062,,,
10.1016/j.carbpol.2017.04.085,,,
10.1016/j.carbpol.2017.05.076,,,
10.1016/j.jff.2017.06.051,,,
10.1016/j.ijbiomac.2017.01.113,,,
10.1016/j.ijbiomac.2017.05.165,,,
10.1016/j.carbpol.2017.04.049,,,
10.1039/c6fo01248e,,,
10.3390/molecules22060965,,,
10.1016/j.ijbiomac.2016.12.010,,,
10.1016/j.carbpol.2016.01.075,,,
10.1016/j.foodhyd.2015.02.018,,,
10.1016/j.carbpol.2017.06.052,,,
10.1016/j.ijbiomac.2017.03.183,,,
10.1016/j.cbi.2016.01.013,,,
10.1016/j.ijbiomac.2016.11.060,,,
10.1016/j.foodchem.2017.01.074,,,
10.1016/j.procbio.2017.06.007,,,
10.3390/molecules21111496,,,
10.1016/j.intimp.2017.08.030,,,
10.3892/mmr.2017.6294,,,
10.1016/j.ijbiomac.2016.06.101,,,
10.1155/2017/8948639,,,
10.1016/j.foodchem.2016.08.056,,,
10.1016/j.carbpol.2014.07.008,,,
10.1016/j.carbpol.2014.01.073,,,
10.1016/j.carbpol.2015.06.016,,,
10.1016/j.carbpol.2015.05.003,,,
10.1016/j.ijbiomac.2014.04.026,,,
10.1016/j.ijbiomac.2014.06.042,,,
10.1007/s12275-014-2720-5,,,
10.1002/jsfa.7185,,,
10.1016/j.carbpol.201,,,
10.1016/j.procbio.2015.03.024,,,
10.1016/j.lwt.2014.04.020,,,
10.1016/j.carres.2014.01.003,,,
10.5740/jaoacint.12 - 379,,,
10.1016/j.ijbiomac.2015.05.054,,,
10.1016/j.ijbiomac.2015.08.049,,,
10.1039/c5fo00497g,,,
10.1515/oncotarget-2015-0178,,,
10.1016/j.carbpol.2015.01.068,,,
10.1016/j.seppur.2014.07.017,,,
10.4172/2155-9546.1000206,,,
10.1016/j.carbpol.2013.09.007,,,
10.1016/j.ijbiomac.2015.08.022,,,
10.1016/j.ijpharm.2014.11.003,,,
10.1016/j.ijbiomac.2014.02.053,,,
10.1016/j.ijbiomac.2014.09.026,,,
10.1016/j.fm.2014.04.005,,,
10.3109/13880209.2014.911921,,,
10.1016/j.lwt.2014.19,,,
10.3390/molecules191118511,,,
10.1055/s - 0034 - 1383364,,,
10.1016/j.ijbiomac.2015.07.055,,,
10.1016/j.foodchem.2013.07.049,,,
10.3390/molecules191220675,,,
10.1016/j.carbpol.2015.06.068,,,
10.1016/j.ijbiomac.2014.03.039,,,
10.1039/c3fo60707k,,,
10.1371/journal.pone.0144773,,,
10.1111/ajgw.12048,,,
10.1016/j.carbpol.2014.12.082,,,
10.1016/j.carbpol.2013.09.067,,,
10.1016/j.carbpol.2015.07.039,,,
10.1016/j.carbpol.2015.06.046,,,
10.1590/0103 - 9016 - 2013 - 0333,,,
10.1016/j.bcdf.2014.09.002,,,
10.1016/j.biortech.2014.04.001,,,
10.5935/0103 - 5053.20150094,,,
10.1007/s10068 - 015 - 0205 - x,,,
10.1016/j.fbp.2013.11.006,,,
10.1007/s10600 - 014 - 0994 - 8,,,
10.1055/s - 0034 - 1383411,,,
10.1016/j.energy.2014.11.006,,,
10.1016/j.ijbiomac.2014.08.058,,,
10.1016/j.carbpol.2014.07.036,,,
10.1016/j.carbpol.2014.07.037,,,
10.1016/j.carbpol.2014.07.038,,,
10.1016/j.carbpol.2014.07.039,,,
10.1016/j.carbpol.2014.07.040,,,
10.1016/j.carbpol.2014.07.041,,,
10.1016/j.foodchem.2014.03.067,,,
10.1007/s10266 - 012 - 0101 - 2,,,
10.1007/s13277 - 015 - 3185 - 9,,,
10.1016/j.fitote.2014.03.009,,,
10.1016/j.fitote.2014.03.010,,,
10.1016/j.fitote.2014.03.011,,,
10.1016/j.fitote.2014.03.012,,,
10.1016/j.fitote.2014.03.013,,,
10.1016/j.fitote.2014.03.014,,,
10.1007/s13197 - 011 - 0580 - 0,,,
10.1016/j.jep.2014.12.064,,,
10.3892/mmr.2015.4345,,,
10.1007/s00253 - 015 - 6491 - 7,,,
10.1016/j.ijbiomac.2013.12.002,,,
10.1016/j.jbiomech.2015.10.016,,,
10.1016/j.carbpol.2014.05.030,,,
10.1155/2015/575063,,,
10.1016/j.ijbiomac.2014.06.032,,,
10.1007/s10298 - 015 - 0985 - 4,,,
10.1016/j.carres.2014.04.022,,,
10.1002/jsfa.6955,,,
10.3389/fchem.2015.00039,,,
10.1007/s10811 - 014 - 0446 - 8,,,
10.1016/j.carbpol.2013.11.016,,,
10.1007/s13277 - 014 - 1927 - 8,,,
10.1080/10942912.2014.915849,,,
0.4028/www.scientific.net/AMR.936.757,,,
10.1007/s10570 - 014 - 0451 - 8,,,
10.1016/j.phytochem.2014.10.011,,,
10.1016/j.foodres.2014.05.075,,,
10.1007/978 - 3 - 642 - 37916 - 1_40,,,
10.1016/j.carbpol.2015.02.040,,,
10.1016/j.ijbiomac.2014.01.046,,,
10.3390/life5010164,,,
10.4028/www.scientific.net/AMR.998 - 999.378,,,
10.1007/s10482 - 014 - 0305 - 2,,,
10.1016/j.carres.2015.03.018,,,
10.1007/s11172-014-0463-4,,,
10.1007/s10811 - 014 - 0360 - 0,,,
10.1016/j.ijbiomac.2015.08.018,,,
10.1016/j.soilbio.2014.07.004,,,
10.1016/j.foodchem.2014.08.016,,,
10.1016/j.ijbiomac.2014.05.001,,,
10.5897/AJB2015.14754,,,
10.1021/la504212k,,,
10.1016/j.carbpol.2014.04.061,,,
10.1016/j.biombioe.2014.05.008,,,
10.1016/j.foodchem.2013.09.093,,,
10.1016/j.carbpol.2015.02.041,,,
https://doi.org/10.1016/j.lwt.2019.05.016,,,
https://doi.org/10.1016/j.ijbiomac.2019.10.216,,,
https://doi.org/10.1016/j.carbpol.2019.01.037,,,
https://doi.org/10.1016/j.ijbiomac.2018.11.087,,,
https://doi.org/10.1016/j.jpba.2020.113243,,,
https://doi.org/10.1016/j.ijbiomac.2019.06.142,,,
https://doi.org/10.1111/1750-3841.15520,,,
https://doi.org/10.3390/molecules25173840,,,
https://doi.org/10.1016/j.indcrop.2018.06.011,,,
https://doi.org/10.1016/j.ijbiomac.2018.01.212,,,
https://doi.org/10.1016/j.ijbiomac.2019.01.226,,,
https://doi.org/10.1016/j.foodchem.2018.01.145,,,
https://doi.org/10.1039/C8RA06449K,,,
https://doi.org/10.1016/j.carbpol.2017.12.007,,,
https://doi.org/10.1016/j.ijbiomac.2019.06.199,,,
https://doi.org/10.1016/j.lwt.2020.109635,,,
https://doi.org/10.1016/j.ijbiomac.2017.09.062,,,
https://doi.org/10.1016/j.ijbiomac.2020.10.127,,,
https://doi.org/10.1016/j.ijbiomac.2020.09.068,,,
https://doi.org/10.1016/j.carbpol.2018.07.087,,,
https://doi.org/10.1016/j.ijbiomac.2020.04.265,,,
https://doi.org/10.1016/j.carbpol.2018.01.036,,,
https://doi.org/10.1039/C9RA05820F,,,
https://doi.org/10.1016/j.ijbiomac.2020.09.199,,,
https://doi.org/10.1016/j.foodhyd.2020.105851,,,
https://doi.org/10.1016/j.ijbiomac.2019.04.032,,,
https://doi.org/10.1016/j.ijbiomac.2020.05.196,,,
https://doi.org/10.1016/j.ijbiomac.2018.02.066,,,
https://doi.org/10.1016/j.ijbiomac.2018.05.225,,,
https://doi.org/10.3892/etm.2017.5568,,,
https://doi.org/10.1016/j.ijbiomac.2018.07.073,,,
https://doi.org/10.1016/j.ijbiomac.2020.08.072,,,
https://doi.org/10.1016/j.ijbiomac.2017.12.025,,,
https://doi.org/10.3390/molecules23030590,,,
https://doi.org/10.1016/j.ijbiomac.2018.07.125,,,
https://doi.org/10.1016/j.ijbiomac.2018.10.035,,,
https://doi.org/10.1016/j.indcrop.2018.12.047,,,
https://doi.org/10.1016/j.ijbiomac.2020.05.009,,,
https://doi.org/10.1016/j.carbpol.2020.115978,,,
https://doi.org/10.1016/j.ijbiomac.2018.07.138,,,
https://doi.org/10.1111/1750-3841.14148,,,
https://doi.org/10.1002/fsn3.1581,,,
https://doi.org/10.1016/j.ijbiomac.2018.01.197,,,
https://doi.org/10.1016/j.ijbiomac.2019.03.065,,,
https://doi.org/10.1016/j.ijbiomac.2019.08.014,,,
https://doi.org/10.1016/j.ijbiomac.2019.11.025,,,
https://doi.org/10.1155/2020/5431350,,,
https://doi.org/10.1016/j.ijbiomac.2017.12.006,,,
https://doi.org/10.1016/j.jgr.2019.05.002,,,
https://doi.org/10.1016/j.ijbiomac.2019.03.023,,,
https://doi.org/10.1016/j.ijbiomac.2017.09.051,,,
https://doi.org/10.1016/j.carbpol.2020.116230,,,
https://doi.org/10.1016/j.ijbiomac.2020.08.156,,,
https://doi.org/10.1016/j.ijbiomac.2019.09.201,,,
https://doi.org/10.1016/j.ijbiomac.2019.04.147,,,
https://doi.org/10.1016/j.ijbiomac.2017.08.138,,,
https://doi.org/10.1016/j.bcdf.2020.100228,,,
https://doi.org/10.1111/ijfs.13782,,,
https://doi.org/10.1021/acsomega.9b02550,,,
https://doi.org/10.1080/10942912.2019.1573831,,,
https://doi.org/10.1016/j.ijbiomac.2018.12.259,,,
https://doi.org/10.1016/j.ijbiomac.2018.11.275,,,
https://doi.org/10.1155/2018/3013497,,,
https://doi.org/10.3390/md17120674,,,
https://doi.org/10.1016/j.ijbiomac.2019.04.020,,,
https://doi.org/10.1016/j.ijbiomac.2018.01.132,,,
https://doi.org/10.1111/ijfs.13586,,,
https://doi.org/10.1016/j.carbpol.2020.115856,,,
https://doi.org/10.1111/jfbc.12666,,,
https://doi.org/10.1016/j.ijbiomac.2019.01.214,,,
https://doi.org/10.1016/j.foodchem.2017.11.058,,,
https://doi.org/10.1016/j.ijbiomac.2018.12.061,,,
https://doi.org/10.1016/j.ijbiomac.2018.11.276,,,
https://doi.org/10.1016/j.ijbiomac.2017.12.017,,,
https://doi.org/10.1016/j.ijbiomac.2018.02.059,,,
https://doi.org/10.1016/j.ijbiomac.2018.02.054,,,
https://doi.org/10.3390/molecules24030461,,,
https://doi.org/10.1016/j.ijbiomac.2019.03.229,,,
https://doi.org/10.1016/j.foodchem.2020.126266,,,
https://doi.org/10.1016/j.ijbiomac.2019.03.129,,,
10.1016/j.ijbiomac.2012.06.019,,,
10.1016/j.carbpol.2012.07.048,,,
10.1111/j.1750-3841.2012.02950.x,,,
10.1016/j.carbpol.2011.12.042,,,
10.1016/j.carbpol.2011.01.052,,,
10.1016/j.jplph.2009.10.012,,,
10.3390/molecules15064227,,,
10.1016/j.ijbiomac.2012.03.020,,,
10.1016/j.carbpol.2010.04.056,,,
10.1016/j.carbpol.2010.11.027,,,
10.1016/j.ijbiomac.2011.09.005,,,
10.1016/j.carbpol.2011.04.062,,,
10.1016/j.ijbiomac.2011.05.018,,,
10.1007/s00248-011-9959-8,,,
10.1016/j.biortech.2011.04.005,,,
10.1016/j.plantsci.2011.18,,,
10.4028/www.scientific.net/amr.399-401.1588,,,
10.4103/0973-1296.62895,,,
10.1016/j.jtice.2010.04.008,,,
10.1016/j.biortech.2011.08.059,,,
10.1016/j.carbpol.2010.05.010,,,
10.3390/ijms13010698,,,
10.5897/AJBR10.538,,,
10.1016/j.foodchem.2011.12.084,,,
10.1016/j.carbpol.2011.10.068,,,
10.1007/s10600-011-9899-z,,,
10.1016/j.carbpol.2010.04.016,,,
10.1016/j.procbio.2011.04.014,,,
10.1142/S0192415X10008494,,,
10.1016/j.carbpol.2012.02.014,,,
10.1016/j.carbpol.2010.12.068,,,
10.1016/j.ijbiomac.2011.06.017,,,
10.1046/j.1365-313X.1997.12020335.x,,,
10.1016/j.carbpol.2007.06.012,,,
10.1021/jf991089z,,,
10.1016/j.carbpol.2010.01.038,,,
10.1021/bi992635k,,,
10.1016/j.carbpol.2009.07.032,,,
10.1016/j.chmed.2019.05.008,,,
10.1016/S0024-3205(03)00652-0,,,
10.1093/aob/mci192,,,
10.1016/S0040-4039(03)01871-9,,,
10.1016/j.carres.2005.09.024,,,
10.1016/j.carres.2005.08.012,,,
10.1016/S0141-8130(03)00075-8,,,
10.1016/j.phytochem.2004.07.025,,,
10.1016/j.fitote.2005.03.018,,,
10.1016/S0008-6215(02)00053-8,,,
10.1016/S0008-6215(02)00023-X,,,
10.1016/j.carres.2005.01.012,,,
10.1016/j.carres.2004.04.001,,,
10.1016/j.jep.2003.12.007,,,
10.1016/S0031-9422(03)00330-3,,,
10.1111/j.1574-6968.2001.tb09447.x,,,
10.1016/S0378-8741(02)00330-6,,,
10.1016/j.fitote.2005.08.017,,,
10.1016/S0960-8524(02)00273-0,,,
10.2174/1381612043452730,,,
10.1016/j.ab.2005.04.025,,,
10.1111/j.1755-0238.2001.tb00204.x,,,
10.1016/S0008-6215(01)00141-0,,,
10.1016/j.carres.2003.16,,,
10.1016/j.postharvbio.2004.01.007,,,
10.2174/1385272013374987,,,
10.1016/j.lfs.2004.04.056,,,
10.1055/s-2001-12012,,,
10.1093/jaoac/88.3.684,,,
10.1002/bmc.267,,,
10.1016/j.carbpol.2004.11.024,,,
10.1179/135100005X70206,,,
10.1006/jcrs.2001.0377,,,
10.1016/j.carres.2004.03.021,,,
10.1080/09670260500192810,,,
10.1016/j.carres.2003.05.001,,,
10.1016/j.carbpol.2004.06.034,,,
10.1016/j.intimp.2004.07.006,,,
10.1016/j.jep.2005.04.021,,,
10.1016/j.lfs.2004.11.023,,,
10.1080/0967026042000201885,,,
10.1271/bbb.66.777,,,
10.1016/j.femsim.2005.05.003,,,
10.1021/jf0102517,,,
10.1016/j.carbpol.2005.04.020,,,
10.1016/j.carres.2005.03.008,,,
10.1016/j.carres.2003.12.026,,,
10.1021/jf010510s,,,
10.1016/j.carbpol.2004.03.018,,,
10.1002/cjoc.20030210918,,,
10.1016/j.carbpol.2004.09.014,,,
10.1021/jf000578s,,,
10.1002/anie.200300640,,,
10.1002/ejoc.200400525,,,
10.1055/s-2004-827183,,,
10.1177/09680519010070020501,,,
10.1055/s-2005-865226,,,
10.1016/j.carres.2005.08.004,,,
10.1093/oxfordjournals.jbchem.a003086,,,
10.1021/np049778e,,,
10.1271/bbb.66.1301,,,
10.1016/j.carbpol.2004.05.004,,,
10.1016/j.carres.2004.02.006,,,
10.1002/cjoc.20030211227,,,
10.1002/rcm.1927,,,
10.1016/j.intimp.2005.05.009,,,
10.1016/j.carres.2005.03.022,,,
10.1021/bc034194u,,,
10.1021/ja020983v,,,
10.1104/pp.126.1.210,,,
10.1142/S0192415X03000758,,,
10.1248/bpb.25.1203,,,
10.1016/j.carbpol.2012.07.047,,,
10.3390/md19040195,,,
10.1016/j.jff.2023.105658,,,
10.1016/j.ijbiomac.2024.129994,,,
10.1016/j.ijbiomac.2020.05.149,,,
10.3389/fnut.2023.1078868,,,
10.1016/j.phymed.2023.155294,,,
10.3389/fimmu.2022.813676,,,
10.1039/C2FO30178D,,,
10.1016/j.ijbiomac.2014.01.016,,,
10.1016/j.lfs.2004.03.036,,,
10.3390/separations11040105,,,
doi.org/10.3390/md16050170,,,
10.1016/j.ijbiomac.2023.123632,,,
10.1016/0305-0491（86）90216-6,,,
doi.org/10.3389/fphar.2024.1370631,,,
10.1021/jf901268w,,,
10.1007/978-3-662-05767-4_5,,,
10.1016/s0008-6215（00）00276-7,,,
10.1128/jb.117.3.1010-1016.1974,,,
10.1111/j.1365-2958.1994.tb00447.x,,,
